scale,region,condition,n_participants,mean,std,sem,median,q25,q75,min,max
1,Central,0back,26,0.912510,0.154030,0.030208,0.881475,0.818610,0.993033,0.606722,1.324095
1,Central,2back,26,0.899177,0.172830,0.033895,0.881995,0.793453,0.967494,0.551095,1.378905
1,Central,3back,26,0.911168,0.173541,0.034034,0.908783,0.804957,0.993519,0.548672,1.370922
1,Frontal,0back,26,0.710536,0.202627,0.039738,0.688157,0.593305,0.777843,0.299049,1.245622
1,Frontal,2back,26,0.671317,0.222017,0.043541,0.651929,0.521572,0.758317,0.273782,1.316612
1,Frontal,3back,26,0.680495,0.223432,0.043819,0.661952,0.535639,0.763481,0.273550,1.314630
1,Occipital,0back,26,1.005924,0.141292,0.027710,0.962436,0.927067,1.090891,0.750444,1.293908
1,Occipital,2back,26,1.045772,0.138850,0.027231,1.018773,0.949077,1.123075,0.863299,1.376877
1,Occipital,3back,26,1.053243,0.136596,0.026789,1.016209,0.945344,1.156204,0.882759,1.362699
1,Parietal,0back,26,0.996028,0.139457,0.027350,0.979620,0.901155,1.051040,0.735764,1.321334
1,Parietal,2back,26,1.014137,0.139509,0.027360,0.989312,0.939611,1.069463,0.753429,1.391264
1,Parietal,3back,26,1.025478,0.139464,0.027351,0.997636,0.933147,1.094977,0.765595,1.382688
1,Temporal,0back,26,1.120405,0.152503,0.029908,1.156142,1.035825,1.225683,0.815031,1.374892
1,Temporal,2back,26,1.109932,0.146895,0.028808,1.115470,1.009690,1.219933,0.804067,1.384910
1,Temporal,3back,26,1.115968,0.152273,0.029863,1.139971,1.002113,1.243186,0.787234,1.379691
1,WholeBrain,0back,26,0.884867,0.147877,0.029001,0.851578,0.791231,0.931989,0.618477,1.289159
1,WholeBrain,2back,26,0.877373,0.161351,0.031644,0.861894,0.777854,0.945931,0.569401,1.358617
1,WholeBrain,3back,26,0.887140,0.162687,0.031906,0.857195,0.776116,0.949758,0.576166,1.352334
2,Central,0back,26,1.522453,0.196570,0.038550,1.483441,1.438164,1.643403,1.066540,1.991405
2,Central,2back,26,1.491149,0.228692,0.044850,1.497527,1.332345,1.615687,0.954617,2.039662
2,Central,3back,26,1.505870,0.228106,0.044735,1.514506,1.350262,1.622945,0.950037,2.039596
2,Frontal,0back,26,1.167419,0.306483,0.060106,1.185412,0.965253,1.319744,0.495431,1.868825
2,Frontal,2back,26,1.094148,0.334144,0.065531,1.090700,0.849272,1.241669,0.450256,1.947660
2,Frontal,3back,26,1.106880,0.335310,0.065760,1.117137,0.873753,1.259350,0.447981,1.952042
2,Occipital,0back,26,1.661094,0.161755,0.031723,1.656057,1.580513,1.748277,1.271966,1.960603
2,Occipital,2back,26,1.703857,0.141584,0.027767,1.655408,1.607760,1.758273,1.504639,2.019019
2,Occipital,3back,26,1.714234,0.137679,0.027001,1.683683,1.611873,1.802651,1.523030,2.018293
2,Parietal,0back,26,1.639219,0.159323,0.031246,1.641329,1.534958,1.721873,1.301106,1.981457
2,Parietal,2back,26,1.651766,0.156849,0.030761,1.637768,1.555517,1.727255,1.309811,2.045297
2,Parietal,3back,26,1.665601,0.155317,0.030460,1.660127,1.578985,1.735043,1.322899,2.037368
2,Temporal,0back,26,1.741009,0.168439,0.033034,1.757458,1.661197,1.830454,1.346202,2.024454
2,Temporal,2back,26,1.716556,0.168904,0.033125,1.727977,1.626204,1.819725,1.352683,2.016142
2,Temporal,3back,26,1.723505,0.174366,0.034196,1.742664,1.632471,1.835610,1.330975,2.009911
2,WholeBrain,0back,26,1.450973,0.193344,0.037918,1.438213,1.315899,1.500275,1.054158,1.934357
2,WholeBrain,2back,26,1.425702,0.215248,0.042214,1.431468,1.285521,1.537161,0.967231,1.999948
2,WholeBrain,3back,26,1.438336,0.215906,0.042343,1.437008,1.289333,1.549522,0.975018,2.000081
3,Central,0back,26,1.690642,0.176198,0.034555,1.704249,1.581702,1.794553,1.278088,2.020325
3,Central,2back,26,1.648462,0.210626,0.041307,1.638681,1.519319,1.786262,1.167562,2.014352
3,Central,3back,26,1.658542,0.206638,0.040525,1.676419,1.540393,1.779369,1.149832,2.048142
3,Frontal,0back,26,1.280684,0.312176,0.061223,1.321592,1.055231,1.442299,0.593814,1.865332
3,Frontal,2back,26,1.191891,0.331266,0.064967,1.247078,0.945727,1.371856,0.547219,1.918415
3,Frontal,3back,26,1.202008,0.329241,0.064569,1.244805,0.967866,1.359604,0.540215,1.931787
3,Occipital,0back,26,1.835987,0.111188,0.021806,1.841545,1.776466,1.910099,1.494463,2.015023
3,Occipital,2back,26,1.859690,0.089130,0.017480,1.839660,1.805954,1.918173,1.722941,2.019458
3,Occipital,3back,26,1.869211,0.087168,0.017095,1.868115,1.803653,1.929068,1.716722,2.032644
3,Parietal,0back,26,1.804343,0.112542,0.022071,1.808885,1.708370,1.887140,1.620815,2.016511
3,Parietal,2back,26,1.801125,0.121914,0.023909,1.810563,1.711231,1.876344,1.518880,2.027506
3,Parietal,3back,26,1.811504,0.117410,0.023026,1.822671,1.752805,1.875625,1.518705,2.033157
3,Temporal,0back,26,1.818689,0.127725,0.025049,1.838830,1.768436,1.882075,1.456134,2.037543
3,Temporal,2back,26,1.779828,0.141499,0.027750,1.806444,1.682317,1.864115,1.455558,2.018087
3,Temporal,3back,26,1.785780,0.142443,0.027935,1.802691,1.747695,1.868335,1.435566,2.017853
3,WholeBrain,0back,26,1.590853,0.175002,0.034321,1.598234,1.462897,1.683754,1.211757,1.949693
3,WholeBrain,2back,26,1.550180,0.198023,0.038835,1.553863,1.431691,1.654964,1.121148,1.973974
3,WholeBrain,3back,26,1.560016,0.195399,0.038321,1.592582,1.449339,1.659313,1.120160,1.986535
4,Central,0back,26,1.744096,0.168217,0.032990,1.757509,1.632112,1.884206,1.369599,1.969312
4,Central,2back,26,1.693648,0.201490,0.039515,1.725592,1.580752,1.851213,1.254285,1.984649
4,Central,3back,26,1.704380,0.198409,0.038911,1.730001,1.610039,1.870175,1.231692,1.974225
4,Frontal,0back,26,1.304161,0.310852,0.060963,1.358805,1.071540,1.520585,0.641417,1.836444
4,Frontal,2back,26,1.208102,0.322253,0.063199,1.219676,0.972444,1.427353,0.597479,1.798559
4,Frontal,3back,26,1.214390,0.315266,0.061829,1.240926,0.986919,1.395454,0.586311,1.791239
4,Occipital,0back,26,1.893785,0.078546,0.015404,1.915223,1.854608,1.949231,1.634406,1.991337
4,Occipital,2back,26,1.901801,0.069463,0.013623,1.902113,1.850448,1.954419,1.761701,2.004257
4,Occipital,3back,26,1.907466,0.065516,0.012849,1.918619,1.883324,1.944949,1.758552,2.024815
4,Parietal,0back,26,1.854143,0.085799,0.016827,1.863921,1.804491,1.927091,1.698455,1.977949
4,Parietal,2back,26,1.837767,0.103541,0.020306,1.852902,1.772340,1.921083,1.585538,1.974376
4,Parietal,3back,26,1.847758,0.102087,0.020021,1.872857,1.790262,1.927268,1.592951,1.978354
4,Temporal,0back,26,1.793642,0.114966,0.022547,1.804245,1.737044,1.882620,1.498113,1.966789
4,Temporal,2back,26,1.748582,0.136597,0.026789,1.747842,1.645787,1.868158,1.444370,1.969157
4,Temporal,3back,26,1.755433,0.133660,0.026213,1.753138,1.679798,1.847107,1.454943,1.959051
4,WholeBrain,0back,26,1.626213,0.165940,0.032544,1.664352,1.495282,1.748827,1.265635,1.903868
4,WholeBrain,2back,26,1.575448,0.186337,0.036544,1.610884,1.459391,1.713674,1.174002,1.879559
4,WholeBrain,3back,26,1.583366,0.181739,0.035642,1.598266,1.469194,1.710945,1.172043,1.883969
5,Central,0back,26,1.774829,0.172375,0.033806,1.828743,1.676332,1.912441,1.376666,1.971487
5,Central,2back,26,1.717118,0.196123,0.038463,1.745899,1.580271,1.878869,1.290848,1.997935
5,Central,3back,26,1.727167,0.194885,0.038220,1.745740,1.612507,1.876242,1.257131,1.989596
5,Frontal,0back,26,1.313684,0.312959,0.061376,1.360953,1.077670,1.567356,0.663672,1.840363
5,Frontal,2back,26,1.215104,0.318367,0.062437,1.215724,0.982653,1.472399,0.628977,1.780908
5,Frontal,3back,26,1.221644,0.309442,0.060686,1.222993,1.013609,1.427116,0.619170,1.781489
5,Occipital,0back,26,1.924386,0.059588,0.011686,1.930041,1.887642,1.955567,1.805905,2.042797
5,Occipital,2back,26,1.927203,0.073942,0.014501,1.921976,1.863148,1.986755,1.786659,2.053911
5,Occipital,3back,26,1.928104,0.069167,0.013565,1.916927,1.881576,1.987988,1.762602,2.042086
5,Parietal,0back,26,1.881543,0.083712,0.016417,1.879528,1.847880,1.936582,1.691405,1.997669
5,Parietal,2back,26,1.856990,0.106393,0.020865,1.863974,1.796687,1.942568,1.621503,2.009756
5,Parietal,3back,26,1.861225,0.108227,0.021225,1.876672,1.815019,1.946883,1.595448,2.018537
5,Temporal,0back,26,1.769515,0.127469,0.024999,1.741401,1.684767,1.876117,1.516262,1.961424
5,Temporal,2back,26,1.716721,0.146486,0.028728,1.694635,1.630480,1.834160,1.378462,1.959415
5,Temporal,3back,26,1.719022,0.141950,0.027839,1.682312,1.647502,1.838300,1.371170,1.968823
5,WholeBrain,0back,26,1.643523,0.169301,0.033203,1.676974,1.514604,1.774149,1.289662,1.878017
5,WholeBrain,2back,26,1.587287,0.183529,0.035993,1.588712,1.461971,1.747972,1.203649,1.861425
5,WholeBrain,3back,26,1.592529,0.179950,0.035291,1.598497,1.479153,1.733997,1.186885,1.861732
