region,entropy_measure,amplitude_measure,fisher_mean_pearson_r,ci95_low_r,ci95_high_r,mean_spearman_rho,fisher_z_t,group_p,q_global,significant_p05
Central,entropy__mse,amp__alpha_power_8_13,-0.0093,-0.0710,0.0524,0.0254,-0.3107,7.586147e-01,7.750576e-01,NO
Central,entropy__mse,amp__alpha_relative_8_13,0.2695,0.1983,0.3379,0.2958,7.5502,6.637426e-08,1.302367e-07,YES
Central,entropy__mse,amp__beta_power_13_30,0.1205,0.0558,0.1842,0.1614,3.8212,7.830408e-04,1.066334e-03,YES
Central,entropy__mse,amp__beta_relative_13_30,0.4430,0.3959,0.4878,0.4541,17.1402,2.486175e-15,2.079164e-14,YES
Central,entropy__mse,amp__broadband_power_1_45,-0.3898,-0.4440,-0.3327,-0.3474,-12.9012,1.497837e-12,6.091203e-12,YES
Central,entropy__mse,amp__delta_power_1_4,-0.4274,-0.4689,-0.3840,-0.4037,-18.1050,6.976385e-16,6.989866e-15,YES
Central,entropy__mse,amp__delta_relative_1_4,-0.4290,-0.4943,-0.3589,-0.3938,-11.3706,2.259195e-11,7.545201e-11,YES
Central,entropy__mse,amp__hilbert_envelope_mean,-0.5570,-0.6396,-0.4616,-0.5038,-10.0316,3.008691e-10,8.072478e-10,YES
Central,entropy__mse,amp__low_gamma_power_30_45,0.1537,0.0815,0.2244,0.2053,4.3563,1.976011e-04,2.828328e-04,YES
Central,entropy__mse,amp__low_gamma_relative_30_45,0.4188,0.3636,0.4711,0.4505,14.0917,2.132161e-13,1.014244e-12,YES
Central,entropy__mse,amp__mean_abs,-0.5531,-0.6361,-0.4575,-0.4994,-9.9676,3.423279e-10,9.125810e-10,YES
Central,entropy__mse,amp__peak_to_peak,-0.5872,-0.6622,-0.5005,-0.5395,-11.2420,2.870821e-11,9.361767e-11,YES
Central,entropy__mse,amp__rms,-0.6304,-0.7086,-0.5369,-0.5684,-10.7383,7.471908e-11,2.236181e-10,YES
Central,entropy__mse,amp__std,-0.6303,-0.7085,-0.5368,-0.5683,-10.7369,7.491225e-11,2.238732e-10,YES
Central,entropy__mse,amp__theta_power_4_8,-0.2300,-0.2698,-0.1894,-0.2177,-11.3607,2.301187e-11,7.673091e-11,YES
Central,entropy__mse,amp__theta_relative_4_8,0.1028,0.0353,0.1694,0.0982,3.1324,4.383272e-03,5.587526e-03,YES
Central,entropy__mse,amp__variance,-0.6033,-0.6791,-0.5148,-0.5677,-11.1410,3.469230e-11,1.120745e-10,YES
Central,entropy__sample_entropy,amp__alpha_power_8_13,-0.1224,-0.1962,-0.0473,-0.1008,-3.3478,2.580994e-03,3.351898e-03,YES
Central,entropy__sample_entropy,amp__alpha_relative_8_13,0.1546,0.0588,0.2475,0.1888,3.3113,2.825306e-03,3.655449e-03,YES
Central,entropy__sample_entropy,amp__beta_power_13_30,0.1553,0.0702,0.2383,0.1710,3.7363,9.720388e-04,1.315074e-03,YES
Central,entropy__sample_entropy,amp__beta_relative_13_30,0.4890,0.4447,0.5309,0.4909,19.4250,1.344230e-16,1.934501e-15,YES
Central,entropy__sample_entropy,amp__broadband_power_1_45,-0.4004,-0.4626,-0.3344,-0.3846,-11.4304,2.022313e-11,6.819962e-11,YES
Central,entropy__sample_entropy,amp__delta_power_1_4,-0.4121,-0.4542,-0.3682,-0.4071,-17.4299,1.686776e-15,1.495031e-14,YES
Central,entropy__sample_entropy,amp__delta_relative_1_4,-0.4181,-0.4864,-0.3446,-0.3781,-10.6628,8.644873e-11,2.554055e-10,YES
Central,entropy__sample_entropy,amp__hilbert_envelope_mean,-0.5765,-0.6606,-0.4782,-0.5377,-9.9115,3.834983e-10,1.018406e-09,YES
Central,entropy__sample_entropy,amp__low_gamma_power_30_45,0.3919,0.3026,0.4743,0.4490,8.3898,9.764184e-09,2.111670e-08,YES
Central,entropy__sample_entropy,amp__low_gamma_relative_30_45,0.6604,0.6227,0.6951,0.6716,25.4982,2.055268e-19,1.232167e-17,YES
Central,entropy__sample_entropy,amp__mean_abs,-0.5711,-0.6558,-0.4722,-0.5320,-9.8130,4.687126e-10,1.236781e-09,YES
Central,entropy__sample_entropy,amp__peak_to_peak,-0.5408,-0.6284,-0.4397,-0.5064,-9.3411,1.245759e-09,3.036081e-09,YES
Central,entropy__sample_entropy,amp__rms,-0.6254,-0.7059,-0.5289,-0.5810,-10.4051,1.430125e-10,4.084329e-10,YES
Central,entropy__sample_entropy,amp__std,-0.6254,-0.7060,-0.5289,-0.5810,-10.4067,1.425637e-10,4.083938e-10,YES
Central,entropy__sample_entropy,amp__theta_power_4_8,-0.2663,-0.3029,-0.2290,-0.2615,-14.1260,2.019391e-13,9.672558e-13,YES
Central,entropy__sample_entropy,amp__theta_relative_4_8,0.0595,-0.0171,0.1354,0.0663,1.5992,1.223394e-01,1.374496e-01,NO
Central,entropy__sample_entropy,amp__variance,-0.5949,-0.6733,-0.5032,-0.5809,-10.7245,7.673610e-11,2.286648e-10,YES
Frontal,entropy__mse,amp__alpha_power_8_13,-0.0868,-0.1645,-0.0079,-0.0806,-2.2666,3.232180e-02,3.832786e-02,YES
Frontal,entropy__mse,amp__alpha_relative_8_13,0.4902,0.4414,0.5361,0.4674,17.7079,1.168556e-15,1.081958e-14,YES
Frontal,entropy__mse,amp__beta_power_13_30,0.0660,-0.0060,0.1373,0.1014,1.8889,7.055878e-02,8.093966e-02,NO
Frontal,entropy__mse,amp__beta_relative_13_30,0.5870,0.5279,0.6404,0.5236,16.1592,9.646509e-15,6.781987e-14,YES
Frontal,entropy__mse,amp__broadband_power_1_45,-0.4409,-0.4818,-0.3980,-0.4831,-18.7300,3.159093e-16,3.787259e-15,YES
Frontal,entropy__mse,amp__delta_power_1_4,-0.4471,-0.4887,-0.4035,-0.5140,-18.6012,3.712328e-16,4.301323e-15,YES
Frontal,entropy__mse,amp__delta_relative_1_4,-0.6273,-0.6763,-0.5728,-0.5344,-17.7896,1.050061e-15,9.944414e-15,YES
Frontal,entropy__mse,amp__hilbert_envelope_mean,-0.7632,-0.8075,-0.7104,-0.7192,-17.8488,9.721075e-16,9.291018e-15,YES
Frontal,entropy__mse,amp__low_gamma_power_30_45,0.0893,0.0013,0.1760,0.1285,2.0888,4.706591e-02,5.496323e-02,YES
Frontal,entropy__mse,amp__low_gamma_relative_30_45,0.5632,0.5041,0.6170,0.5152,15.8744,1.448379e-14,9.816789e-14,YES
Frontal,entropy__mse,amp__mean_abs,-0.7602,-0.8037,-0.7085,-0.7186,-18.2619,5.705638e-16,5.858165e-15,YES
Frontal,entropy__mse,amp__peak_to_peak,-0.8427,-0.8820,-0.7918,-0.7522,-16.4158,6.722063e-15,4.857686e-14,YES
Frontal,entropy__mse,amp__rms,-0.8415,-0.8766,-0.7975,-0.7920,-18.7712,3.000612e-16,3.639338e-15,YES
Frontal,entropy__mse,amp__std,-0.8414,-0.8762,-0.7977,-0.7917,-18.9175,2.501927e-16,3.144846e-15,YES
Frontal,entropy__mse,amp__theta_power_4_8,-0.3569,-0.3970,-0.3154,-0.3725,-16.4260,6.626691e-15,4.822371e-14,YES
Frontal,entropy__mse,amp__theta_relative_4_8,0.2072,0.1219,0.2896,0.1852,4.9331,4.432247e-05,6.584871e-05,YES
Frontal,entropy__mse,amp__variance,-0.7302,-0.7840,-0.6654,-0.7990,-15.1019,4.500479e-14,2.636721e-13,YES
Frontal,entropy__sample_entropy,amp__alpha_power_8_13,-0.1507,-0.2132,-0.0870,-0.1617,-4.8364,5.692732e-05,8.379507e-05,YES
Frontal,entropy__sample_entropy,amp__alpha_relative_8_13,0.4415,0.3827,0.4966,0.4291,13.7939,3.429683e-13,1.573709e-12,YES
Frontal,entropy__sample_entropy,amp__beta_power_13_30,0.0879,0.0082,0.1665,0.1241,2.2709,3.202336e-02,3.801742e-02,YES
Frontal,entropy__sample_entropy,amp__beta_relative_13_30,0.6229,0.5677,0.6726,0.5668,17.5520,1.434706e-15,1.293731e-14,YES
Frontal,entropy__sample_entropy,amp__broadband_power_1_45,-0.4488,-0.4918,-0.4036,-0.5111,-18.0115,7.870263e-16,7.729372e-15,YES
Frontal,entropy__sample_entropy,amp__delta_power_1_4,-0.4507,-0.4931,-0.4062,-0.5351,-18.3349,5.198956e-16,5.540502e-15,YES
Frontal,entropy__sample_entropy,amp__delta_relative_1_4,-0.6274,-0.6765,-0.5728,-0.5443,-17.7559,1.097327e-15,1.029799e-14,YES
Frontal,entropy__sample_entropy,amp__hilbert_envelope_mean,-0.7728,-0.8163,-0.7205,-0.7449,-17.8666,9.498033e-16,9.157067e-15,YES
Frontal,entropy__sample_entropy,amp__low_gamma_power_30_45,0.2005,0.0984,0.2983,0.2623,4.0065,4.872120e-04,6.741011e-04,YES
Frontal,entropy__sample_entropy,amp__low_gamma_relative_30_45,0.6594,0.6134,0.7010,0.6211,21.0531,2.009698e-17,4.246549e-16,YES
Frontal,entropy__sample_entropy,amp__mean_abs,-0.7694,-0.8126,-0.7178,-0.7436,-18.1226,6.820532e-16,6.866885e-15,YES
Frontal,entropy__sample_entropy,amp__peak_to_peak,-0.8251,-0.8682,-0.7695,-0.7308,-15.7521,1.728002e-14,1.148678e-13,YES
Frontal,entropy__sample_entropy,amp__rms,-0.8367,-0.8727,-0.7915,-0.7971,-18.5198,4.113003e-16,4.712911e-15,YES
Frontal,entropy__sample_entropy,amp__std,-0.8367,-0.8725,-0.7918,-0.7970,-18.6506,3.488824e-16,4.111262e-15,YES
Frontal,entropy__sample_entropy,amp__theta_power_4_8,-0.3654,-0.4054,-0.3239,-0.4029,-16.7599,4.171912e-15,3.204647e-14,YES
Frontal,entropy__sample_entropy,amp__theta_relative_4_8,0.1875,0.0985,0.2736,0.1776,4.2963,2.308083e-04,3.290010e-04,YES
Frontal,entropy__sample_entropy,amp__variance,-0.7205,-0.7761,-0.6538,-0.7994,-14.7635,7.505768e-14,4.001790e-13,YES
Occipital,entropy__mse,amp__alpha_power_8_13,-0.1984,-0.2931,-0.0997,-0.1214,-4.0996,3.834727e-04,5.344908e-04,YES
Occipital,entropy__mse,amp__alpha_relative_8_13,-0.0526,-0.1758,0.0722,-0.0040,-0.8679,3.937177e-01,4.187542e-01,NO
Occipital,entropy__mse,amp__beta_power_13_30,0.0252,-0.0396,0.0898,0.0796,0.8014,4.304756e-01,4.559788e-01,NO
Occipital,entropy__mse,amp__beta_relative_13_30,0.3851,0.3263,0.4408,0.3784,12.4280,3.376293e-12,1.316246e-11,YES
Occipital,entropy__mse,amp__broadband_power_1_45,-0.3441,-0.4195,-0.2640,-0.2625,-8.3655,1.030702e-08,2.219808e-08,YES
Occipital,entropy__mse,amp__delta_power_1_4,-0.3201,-0.3797,-0.2578,-0.2717,-10.0493,2.903109e-10,7.819543e-10,YES
Occipital,entropy__mse,amp__delta_relative_1_4,-0.2289,-0.3352,-0.1168,-0.1874,-4.1489,3.376787e-04,4.722492e-04,YES
Occipital,entropy__mse,amp__hilbert_envelope_mean,-0.4370,-0.5275,-0.3368,-0.3557,-8.1715,1.592561e-08,3.380728e-08,YES
Occipital,entropy__mse,amp__low_gamma_power_30_45,0.1804,0.1232,0.2365,0.2134,6.4101,1.035295e-06,1.760001e-06,YES
Occipital,entropy__mse,amp__low_gamma_relative_30_45,0.4068,0.3531,0.4578,0.4207,14.1751,1.869096e-13,8.994213e-13,YES
Occipital,entropy__mse,amp__mean_abs,-0.4353,-0.5257,-0.3351,-0.3533,-8.1507,1.669308e-08,3.525607e-08,YES
Occipital,entropy__mse,amp__peak_to_peak,-0.5004,-0.5738,-0.4191,-0.4287,-10.9651,4.839221e-11,1.516094e-10,YES
Occipital,entropy__mse,amp__rms,-0.4900,-0.5753,-0.3942,-0.4012,-9.2502,1.508889e-09,3.601847e-09,YES
Occipital,entropy__mse,amp__std,-0.4896,-0.5750,-0.3938,-0.4008,-9.2456,1.523780e-09,3.632552e-09,YES
Occipital,entropy__mse,amp__theta_power_4_8,-0.1894,-0.2321,-0.1461,-0.1537,-8.8485,3.564787e-09,8.169469e-09,YES
Occipital,entropy__mse,amp__theta_relative_4_8,0.0497,-0.0049,0.1039,0.0492,1.8747,7.255731e-02,8.300268e-02,NO
Occipital,entropy__mse,amp__variance,-0.4803,-0.5632,-0.3878,-0.4012,-9.4434,1.005553e-09,2.509648e-09,YES
Occipital,entropy__sample_entropy,amp__alpha_power_8_13,-0.2877,-0.3975,-0.1698,-0.2349,-4.8927,4.920333e-05,7.294333e-05,YES
Occipital,entropy__sample_entropy,amp__alpha_relative_8_13,-0.1737,-0.3144,-0.0256,-0.1121,-2.4107,2.360412e-02,2.837968e-02,YES
Occipital,entropy__sample_entropy,amp__beta_power_13_30,0.0328,-0.0568,0.1219,0.0644,0.7534,4.582393e-01,4.839044e-01,NO
Occipital,entropy__sample_entropy,amp__beta_relative_13_30,0.4480,0.3832,0.5084,0.4371,12.6731,2.209785e-12,8.847672e-12,YES
Occipital,entropy__sample_entropy,amp__broadband_power_1_45,-0.3836,-0.4793,-0.2788,-0.3221,-7.0652,2.094551e-07,3.844336e-07,YES
Occipital,entropy__sample_entropy,amp__delta_power_1_4,-0.3487,-0.3945,-0.3012,-0.3247,-14.1174,2.047061e-13,9.782500e-13,YES
Occipital,entropy__sample_entropy,amp__delta_relative_1_4,-0.2525,-0.3531,-0.1460,-0.2110,-4.7900,6.420999e-05,9.418071e-05,YES
Occipital,entropy__sample_entropy,amp__hilbert_envelope_mean,-0.4927,-0.6092,-0.3554,-0.4154,-6.6146,6.253147e-07,1.091669e-06,YES
Occipital,entropy__sample_entropy,amp__low_gamma_power_30_45,0.4589,0.3787,0.5322,0.4776,10.4895,1.211662e-10,3.509757e-10,YES
Occipital,entropy__sample_entropy,amp__low_gamma_relative_30_45,0.7175,0.6823,0.7493,0.7235,26.9617,5.338800e-20,6.879216e-18,YES
Occipital,entropy__sample_entropy,amp__mean_abs,-0.4899,-0.6065,-0.3527,-0.4128,-6.5927,6.598420e-07,1.149045e-06,YES
Occipital,entropy__sample_entropy,amp__peak_to_peak,-0.4790,-0.5845,-0.3577,-0.4209,-7.2834,1.244132e-07,2.365105e-07,YES
Occipital,entropy__sample_entropy,amp__rms,-0.5276,-0.6389,-0.3947,-0.4458,-7.1338,1.777029e-07,3.287741e-07,YES
Occipital,entropy__sample_entropy,amp__std,-0.5273,-0.6386,-0.3944,-0.4455,-7.1292,1.796676e-07,3.321129e-07,YES
Occipital,entropy__sample_entropy,amp__theta_power_4_8,-0.2348,-0.2837,-0.1846,-0.2111,-9.3888,1.127195e-09,2.790521e-09,YES
Occipital,entropy__sample_entropy,amp__theta_relative_4_8,0.0169,-0.0576,0.0912,0.0255,0.4663,6.450671e-01,6.636256e-01,NO
Occipital,entropy__sample_entropy,amp__variance,-0.5085,-0.6153,-0.3834,-0.4458,-7.3710,1.011369e-07,1.947613e-07,YES
Parietal,entropy__mse,amp__alpha_power_8_13,-0.0847,-0.1889,0.0214,-0.0353,-1.6448,1.125339e-01,1.270525e-01,NO
Parietal,entropy__mse,amp__alpha_relative_8_13,0.1418,0.0258,0.2542,0.1647,2.5129,1.878900e-02,2.274862e-02,YES
Parietal,entropy__mse,amp__beta_power_13_30,0.0974,0.0259,0.1678,0.1569,2.8040,9.619577e-03,1.194671e-02,YES
Parietal,entropy__mse,amp__beta_relative_13_30,0.4577,0.4100,0.5029,0.4606,17.3361,1.911443e-15,1.661226e-14,YES
Parietal,entropy__mse,amp__broadband_power_1_45,-0.3910,-0.4585,-0.3190,-0.3181,-10.3201,1.691082e-10,4.749916e-10,YES
Parietal,entropy__mse,amp__delta_power_1_4,-0.4169,-0.4708,-0.3599,-0.3664,-13.6087,4.627907e-13,2.050914e-12,YES
Parietal,entropy__mse,amp__delta_relative_1_4,-0.3826,-0.4757,-0.2810,-0.3309,-7.2598,1.316072e-07,2.485914e-07,YES
Parietal,entropy__mse,amp__hilbert_envelope_mean,-0.5082,-0.5941,-0.4109,-0.4345,-9.3342,1.264069e-09,3.077089e-09,YES
Parietal,entropy__mse,amp__low_gamma_power_30_45,0.1931,0.1215,0.2627,0.2712,5.4819,1.076884e-05,1.671749e-05,YES
Parietal,entropy__mse,amp__low_gamma_relative_30_45,0.4566,0.4021,0.5080,0.4907,15.1790,4.010636e-14,2.397135e-13,YES
Parietal,entropy__mse,amp__mean_abs,-0.5068,-0.5923,-0.4099,-0.4318,-9.3598,1.197754e-09,2.936337e-09,YES
Parietal,entropy__mse,amp__peak_to_peak,-0.5442,-0.6206,-0.4576,-0.4821,-10.8444,6.093279e-11,1.869447e-10,YES
Parietal,entropy__mse,amp__rms,-0.5696,-0.6515,-0.4746,-0.4864,-10.1744,2.259201e-10,6.181508e-10,YES
Parietal,entropy__mse,amp__std,-0.5693,-0.6512,-0.4743,-0.4861,-10.1714,2.272836e-10,6.202450e-10,YES
Parietal,entropy__mse,amp__theta_power_4_8,-0.2368,-0.2790,-0.1938,-0.2122,-11.0192,4.367047e-11,1.387022e-10,YES
Parietal,entropy__mse,amp__theta_relative_4_8,0.0420,-0.0168,0.1004,0.0364,1.4714,1.536546e-01,1.711491e-01,NO
Parietal,entropy__mse,amp__variance,-0.5604,-0.6365,-0.4734,-0.4915,-10.9680,4.812373e-11,1.509964e-10,YES
Parietal,entropy__sample_entropy,amp__alpha_power_8_13,-0.1923,-0.3011,-0.0787,-0.1575,-3.4597,1.952943e-03,2.576593e-03,YES
Parietal,entropy__sample_entropy,amp__alpha_relative_8_13,-0.0202,-0.1499,0.1101,0.0230,-0.3188,7.525252e-01,7.695943e-01,NO
Parietal,entropy__sample_entropy,amp__beta_power_13_30,0.1465,0.0473,0.2429,0.1700,3.0326,5.582790e-03,7.047295e-03,YES
Parietal,entropy__sample_entropy,amp__beta_relative_13_30,0.4874,0.4361,0.5356,0.4845,16.8067,3.912049e-15,3.050222e-14,YES
Parietal,entropy__sample_entropy,amp__broadband_power_1_45,-0.3674,-0.4540,-0.2738,-0.3238,-7.6021,5.879378e-08,1.166068e-07,YES
Parietal,entropy__sample_entropy,amp__delta_power_1_4,-0.3728,-0.4218,-0.3216,-0.3541,-13.8591,3.088617e-13,1.436276e-12,YES
Parietal,entropy__sample_entropy,amp__delta_relative_1_4,-0.3556,-0.4429,-0.2615,-0.3125,-7.3587,1.041113e-07,2.001175e-07,YES
Parietal,entropy__sample_entropy,amp__hilbert_envelope_mean,-0.4752,-0.5823,-0.3520,-0.4201,-7.1381,1.758633e-07,3.256611e-07,YES
Parietal,entropy__sample_entropy,amp__low_gamma_power_30_45,0.4649,0.3782,0.5435,0.5295,9.8224,4.598025e-10,1.214816e-09,YES
Parietal,entropy__sample_entropy,amp__low_gamma_relative_30_45,0.7281,0.6887,0.7631,0.7376,24.0614,8.295923e-19,3.246367e-17,YES
Parietal,entropy__sample_entropy,amp__mean_abs,-0.4726,-0.5792,-0.3501,-0.4170,-7.1518,1.702052e-07,3.163133e-07,YES
Parietal,entropy__sample_entropy,amp__peak_to_peak,-0.4322,-0.5384,-0.3126,-0.3959,-6.8451,3.562602e-07,6.397261e-07,YES
Parietal,entropy__sample_entropy,amp__rms,-0.5106,-0.6144,-0.3895,-0.4505,-7.6163,5.688835e-08,1.136671e-07,YES
Parietal,entropy__sample_entropy,amp__std,-0.5104,-0.6143,-0.3892,-0.4503,-7.6103,5.769097e-08,1.150491e-07,YES
Parietal,entropy__sample_entropy,amp__theta_power_4_8,-0.2566,-0.3001,-0.2120,-0.2416,-11.4501,1.949962e-11,6.597424e-11,YES
Parietal,entropy__sample_entropy,amp__theta_relative_4_8,-0.0128,-0.0895,0.0640,-0.0038,-0.3431,7.344231e-01,7.521943e-01,NO
Parietal,entropy__sample_entropy,amp__variance,-0.5000,-0.5973,-0.3881,-0.4576,-8.1006,1.869655e-08,3.920793e-08,YES
Temporal,entropy__mse,amp__alpha_power_8_13,0.0292,-0.0399,0.0980,0.0629,0.8704,3.923768e-01,4.175421e-01,NO
Temporal,entropy__mse,amp__alpha_relative_8_13,0.2080,0.1400,0.2741,0.2299,6.1955,1.766188e-06,2.935155e-06,YES
Temporal,entropy__mse,amp__beta_power_13_30,0.1888,0.1057,0.2693,0.2300,4.6308,9.701314e-05,1.408014e-04,YES
Temporal,entropy__mse,amp__beta_relative_13_30,0.4302,0.3638,0.4922,0.4216,12.0235,6.887915e-12,2.546441e-11,YES
Temporal,entropy__mse,amp__broadband_power_1_45,-0.2896,-0.3379,-0.2398,-0.2173,-11.4562,1.928177e-11,6.534379e-11,YES
Temporal,entropy__mse,amp__delta_power_1_4,-0.3789,-0.4268,-0.3289,-0.3420,-14.3629,1.392347e-13,6.941651e-13,YES
Temporal,entropy__mse,amp__delta_relative_1_4,-0.4411,-0.5112,-0.3652,-0.3975,-10.7460,7.362083e-11,2.216104e-10,YES
Temporal,entropy__mse,amp__hilbert_envelope_mean,-0.3541,-0.4489,-0.2515,-0.2768,-6.7363,4.642123e-07,8.214815e-07,YES
Temporal,entropy__mse,amp__low_gamma_power_30_45,0.2135,0.1165,0.3065,0.2741,4.4750,1.453126e-04,2.092906e-04,YES
Temporal,entropy__mse,amp__low_gamma_relative_30_45,0.4264,0.3552,0.4926,0.4400,11.1579,3.360818e-11,1.087416e-10,YES
Temporal,entropy__mse,amp__mean_abs,-0.3568,-0.4508,-0.2551,-0.2768,-6.8397,3.609968e-07,6.476707e-07,YES
Temporal,entropy__mse,amp__peak_to_peak,-0.3846,-0.4640,-0.2990,-0.3116,-8.6106,5.990242e-09,1.330167e-08,YES
Temporal,entropy__mse,amp__rms,-0.4238,-0.5126,-0.3260,-0.3347,-8.1748,1.580943e-08,3.362950e-08,YES
Temporal,entropy__mse,amp__std,-0.4234,-0.5122,-0.3256,-0.3344,-8.1701,1.597684e-08,3.388135e-08,YES
Temporal,entropy__mse,amp__theta_power_4_8,-0.2293,-0.2738,-0.1838,-0.1950,-10.1098,2.570886e-10,6.969959e-10,YES
Temporal,entropy__mse,amp__theta_relative_4_8,-0.0335,-0.1025,0.0358,-0.0367,-0.9961,3.287382e-01,3.543675e-01,NO
Temporal,entropy__mse,amp__variance,-0.4210,-0.4900,-0.3468,-0.3406,-10.6104,9.570254e-11,2.795593e-10,YES
Temporal,entropy__sample_entropy,amp__alpha_power_8_13,-0.0588,-0.1528,0.0364,-0.0360,-1.2724,2.149309e-01,2.376156e-01,NO
Temporal,entropy__sample_entropy,amp__alpha_relative_8_13,0.0579,-0.0394,0.1542,0.0830,1.2254,2.318330e-01,2.550778e-01,NO
Temporal,entropy__sample_entropy,amp__beta_power_13_30,0.3115,0.2059,0.4099,0.3178,5.8563,4.148263e-06,6.653904e-06,YES
Temporal,entropy__sample_entropy,amp__beta_relative_13_30,0.4899,0.4174,0.5562,0.4698,12.0835,6.189340e-12,2.296367e-11,YES
Temporal,entropy__sample_entropy,amp__broadband_power_1_45,-0.2329,-0.2993,-0.1643,-0.1799,-6.8356,3.645946e-07,6.535602e-07,YES
Temporal,entropy__sample_entropy,amp__delta_power_1_4,-0.3432,-0.3839,-0.3012,-0.3348,-15.7046,1.850918e-14,1.210979e-13,YES
Temporal,entropy__sample_entropy,amp__delta_relative_1_4,-0.4594,-0.5284,-0.3845,-0.4134,-11.1994,3.109348e-11,1.007623e-10,YES
Temporal,entropy__sample_entropy,amp__hilbert_envelope_mean,-0.2618,-0.3806,-0.1344,-0.2087,-4.1568,3.308823e-04,4.630566e-04,YES
Temporal,entropy__sample_entropy,amp__low_gamma_power_30_45,0.4616,0.3596,0.5527,0.5231,8.3655,1.030629e-08,2.219808e-08,YES
Temporal,entropy__sample_entropy,amp__low_gamma_relative_30_45,0.6677,0.6149,0.7146,0.6628,18.4951,4.243074e-16,4.756830e-15,YES
Temporal,entropy__sample_entropy,amp__mean_abs,-0.2637,-0.3816,-0.1374,-0.2078,-4.2194,2.815310e-04,3.974781e-04,YES
Temporal,entropy__sample_entropy,amp__peak_to_peak,-0.2677,-0.3663,-0.1631,-0.2189,-5.1477,2.544705e-05,3.838340e-05,YES
Temporal,entropy__sample_entropy,amp__rms,-0.3238,-0.4322,-0.2063,-0.2601,-5.4626,1.131676e-05,1.751564e-05,YES
Temporal,entropy__sample_entropy,amp__std,-0.3235,-0.4318,-0.2059,-0.2599,-5.4576,1.146162e-05,1.771968e-05,YES
Temporal,entropy__sample_entropy,amp__theta_power_4_8,-0.2432,-0.2809,-0.2047,-0.2239,-12.6269,2.392706e-12,9.488476e-12,YES
Temporal,entropy__sample_entropy,amp__theta_relative_4_8,-0.1332,-0.2137,-0.0509,-0.1189,-3.3228,2.745810e-03,3.561482e-03,YES
Temporal,entropy__sample_entropy,amp__variance,-0.3319,-0.4173,-0.2407,-0.2702,-7.1458,1.726834e-07,3.200584e-07,YES
WholeBrain,entropy__mse,amp__alpha_power_8_13,-0.0827,-0.1555,-0.0091,-0.0645,-2.3126,2.926341e-02,3.484059e-02,YES
WholeBrain,entropy__mse,amp__alpha_relative_8_13,0.3418,0.2730,0.4070,0.3436,9.6555,6.474533e-10,1.674337e-09,YES
WholeBrain,entropy__mse,amp__beta_power_13_30,0.0858,0.0101,0.1606,0.1237,2.3338,2.794291e-02,3.336419e-02,YES
WholeBrain,entropy__mse,amp__beta_relative_13_30,0.5348,0.4892,0.5776,0.5119,19.8466,8.109453e-17,1.297329e-15,YES
WholeBrain,entropy__mse,amp__broadband_power_1_45,-0.4173,-0.4577,-0.3752,-0.4457,-18.3159,5.326280e-16,5.579144e-15,YES
WholeBrain,entropy__mse,amp__delta_power_1_4,-0.4200,-0.4598,-0.3785,-0.4726,-18.6716,3.398410e-16,4.050749e-15,YES
WholeBrain,entropy__mse,amp__delta_relative_1_4,-0.5637,-0.6083,-0.5155,-0.5162,-19.3354,1.498423e-16,2.058098e-15,YES
WholeBrain,entropy__mse,amp__hilbert_envelope_mean,-0.7055,-0.7634,-0.6362,-0.6488,-14.3117,1.508338e-13,7.413016e-13,YES
WholeBrain,entropy__mse,amp__low_gamma_power_30_45,0.1462,0.0545,0.2355,0.1941,3.2709,3.121380e-03,4.028465e-03,YES
WholeBrain,entropy__mse,amp__low_gamma_relative_30_45,0.5172,0.4625,0.5680,0.5118,16.3753,7.114151e-15,5.123176e-14,YES
WholeBrain,entropy__mse,amp__mean_abs,-0.7036,-0.7608,-0.6354,-0.6482,-14.5393,1.058872e-13,5.462937e-13,YES
WholeBrain,entropy__mse,amp__peak_to_peak,-0.7618,-0.8177,-0.6918,-0.6718,-13.8181,3.298520e-13,1.520251e-12,YES
WholeBrain,entropy__mse,amp__rms,-0.7763,-0.8268,-0.7134,-0.7096,-15.0333,4.988339e-14,2.842257e-13,YES
WholeBrain,entropy__mse,amp__std,-0.7761,-0.8265,-0.7134,-0.7093,-15.0786,4.660525e-14,2.692459e-13,YES
WholeBrain,entropy__mse,amp__theta_power_4_8,-0.3298,-0.3666,-0.2920,-0.3442,-16.8558,3.658014e-15,2.884685e-14,YES
WholeBrain,entropy__mse,amp__theta_relative_4_8,0.1121,0.0359,0.1870,0.1019,3.0236,5.704530e-03,7.196590e-03,YES
WholeBrain,entropy__mse,amp__variance,-0.6899,-0.7495,-0.6191,-0.7232,-14.0573,2.251662e-13,1.068638e-12,YES
WholeBrain,entropy__sample_entropy,amp__alpha_power_8_13,-0.1881,-0.2635,-0.1105,-0.1833,-4.9338,4.424022e-05,6.577363e-05,YES
WholeBrain,entropy__sample_entropy,amp__alpha_relative_8_13,0.1956,0.0938,0.2934,0.2049,3.9212,6.063520e-04,8.339350e-04,YES
WholeBrain,entropy__sample_entropy,amp__beta_power_13_30,0.1166,0.0255,0.2058,0.1301,2.6330,1.430504e-02,1.753705e-02,YES
WholeBrain,entropy__sample_entropy,amp__beta_relative_13_30,0.5628,0.5148,0.6072,0.5436,19.4142,1.361799e-16,1.934501e-15,YES
WholeBrain,entropy__sample_entropy,amp__broadband_power_1_45,-0.3879,-0.4350,-0.3387,-0.4327,-14.8758,6.327639e-14,3.471832e-13,YES
WholeBrain,entropy__sample_entropy,amp__delta_power_1_4,-0.3770,-0.4209,-0.3313,-0.4372,-15.6384,2.037937e-14,1.300517e-13,YES
WholeBrain,entropy__sample_entropy,amp__delta_relative_1_4,-0.5169,-0.5725,-0.4565,-0.4712,-14.8770,6.315946e-14,3.471832e-13,YES
WholeBrain,entropy__sample_entropy,amp__hilbert_envelope_mean,-0.6644,-0.7291,-0.5878,-0.6156,-13.0589,1.148089e-12,4.743300e-12,YES
WholeBrain,entropy__sample_entropy,amp__low_gamma_power_30_45,0.3488,0.2440,0.4456,0.3941,6.5159,7.971375e-07,1.370865e-06,YES
WholeBrain,entropy__sample_entropy,amp__low_gamma_relative_30_45,0.7077,0.6706,0.7413,0.7035,25.6751,1.739697e-19,1.202711e-17,YES
WholeBrain,entropy__sample_entropy,amp__mean_abs,-0.6622,-0.7266,-0.5862,-0.6146,-13.1407,1.001049e-12,4.219869e-12,YES
WholeBrain,entropy__sample_entropy,amp__peak_to_peak,-0.6681,-0.7392,-0.5822,-0.5815,-11.7541,1.118055e-11,3.957075e-11,YES
WholeBrain,entropy__sample_entropy,amp__rms,-0.7076,-0.7684,-0.6343,-0.6465,-13.5693,4.935018e-13,2.177708e-12,YES
WholeBrain,entropy__sample_entropy,amp__std,-0.7077,-0.7683,-0.6344,-0.6464,-13.5910,4.763060e-13,2.106308e-12,YES
WholeBrain,entropy__sample_entropy,amp__theta_power_4_8,-0.3110,-0.3501,-0.2708,-0.3421,-15.0883,4.593198e-14,2.671037e-13,YES
WholeBrain,entropy__sample_entropy,amp__theta_relative_4_8,0.0644,-0.0181,0.1461,0.0684,1.6077,1.204613e-01,1.354863e-01,NO
WholeBrain,entropy__sample_entropy,amp__variance,-0.6123,-0.6807,-0.5333,-0.6386,-12.4601,3.193061e-12,1.247158e-11,YES
