scale,region,contrast,cond_A,cond_B,mean_contrast,sd_contrast,ci95_low,ci95_high,paired_dz,rank_biserial,t_stat,t_p_value,wilcoxon_p,significant_p05
mean_mse,Central,0_to_2,0back,2back,-0.038964,0.066346,-0.065762,-0.012166,-0.5873,-0.5840,-2.9946,6.117453e-03,7.938445e-03,YES
mean_mse,Central,0_to_3,0back,3back,-0.027441,0.060949,-0.052059,-0.002823,-0.4502,-0.4473,-2.2957,3.035339e-02,4.633117e-02,YES
mean_mse,Central,2_to_3,2back,3back,0.011523,0.020465,0.003257,0.019789,0.5631,0.5840,2.8710,8.212854e-03,7.938445e-03,YES
1,Central,0_to_2,0back,2back,-0.013334,0.064986,-0.039582,0.012915,-0.2052,-0.1909,-1.0462,3.054707e-01,4.082431e-01,NO
1,Central,0_to_3,0back,3back,-0.001342,0.061580,-0.026215,0.023531,-0.0218,-0.0028,-0.1111,9.123901e-01,1.000000e+00,NO
1,Central,2_to_3,2back,3back,0.011992,0.017997,0.004723,0.019261,0.6663,0.6581,3.3976,2.280386e-03,2.410769e-03,YES
2,Central,0_to_2,0back,2back,-0.031304,0.085218,-0.065724,0.003117,-0.3673,-0.3504,-1.8731,7.279985e-02,1.226694e-01,NO
2,Central,0_to_3,0back,3back,-0.016583,0.079508,-0.048698,0.015531,-0.2086,-0.2023,-1.0635,2.977084e-01,3.801938e-01,NO
2,Central,2_to_3,2back,3back,0.014720,0.023781,0.005115,0.024326,0.6190,0.5556,3.1562,4.136022e-03,1.196674e-02,YES
3,Central,0_to_2,0back,2back,-0.042181,0.073190,-0.071743,-0.012619,-0.5763,-0.5499,-2.9386,6.993761e-03,1.295260e-02,YES
3,Central,0_to_3,0back,3back,-0.032101,0.066523,-0.058970,-0.005231,-0.4825,-0.4473,-2.4605,2.112934e-02,4.633117e-02,YES
3,Central,2_to_3,2back,3back,0.010080,0.023787,0.000472,0.019688,0.4237,0.4416,2.1607,4.049902e-02,4.934686e-02,YES
4,Central,0_to_2,0back,2back,-0.050448,0.065220,-0.076791,-0.024105,-0.7735,-0.6980,-3.9441,5.717983e-04,1.165122e-03,YES
4,Central,0_to_3,0back,3back,-0.039716,0.063614,-0.065410,-0.014022,-0.6243,-0.6011,-3.1835,3.869596e-03,6.130725e-03,YES
4,Central,2_to_3,2back,3back,0.010732,0.026387,0.000074,0.021390,0.4067,0.4587,2.0738,4.855082e-02,4.074723e-02,YES
5,Central,0_to_2,0back,2back,-0.057710,0.059648,-0.081802,-0.033618,-0.9675,-0.8462,-4.9334,4.428385e-05,3.755093e-05,YES
5,Central,0_to_3,0back,3back,-0.047661,0.050504,-0.068060,-0.027262,-0.9437,-0.8006,-4.8120,6.065000e-05,1.258850e-04,YES
5,Central,2_to_3,2back,3back,0.010049,0.027658,-0.001123,0.021220,0.3633,0.4530,1.8526,7.578540e-02,4.346645e-02,NO
mean_mse,Frontal,0_to_2,0back,2back,-0.079173,0.109861,-0.123546,-0.034799,-0.7207,-0.6923,-3.6747,1.136582e-03,1.297981e-03,YES
mean_mse,Frontal,0_to_3,0back,3back,-0.070203,0.105702,-0.112897,-0.027509,-0.6642,-0.6353,-3.3866,2.343961e-03,3.550977e-03,YES
mean_mse,Frontal,2_to_3,2back,3back,0.008970,0.033795,-0.004680,0.022620,0.2654,0.3903,1.3534,1.880429e-01,8.419731e-02,NO
1,Frontal,0_to_2,0back,2back,-0.039219,0.079800,-0.071451,-0.006987,-0.4915,-0.5214,-2.5060,1.908460e-02,1.897734e-02,YES
1,Frontal,0_to_3,0back,3back,-0.030042,0.075689,-0.060613,0.000530,-0.3969,-0.4359,-2.0238,5.379945e-02,5.251908e-02,NO
1,Frontal,2_to_3,2back,3back,0.009177,0.023627,-0.000366,0.018720,0.3884,0.4872,1.9805,5.875186e-02,2.915090e-02,NO
2,Frontal,0_to_2,0back,2back,-0.073271,0.120358,-0.121885,-0.024657,-0.6088,-0.6182,-3.1042,4.694956e-03,4.689366e-03,YES
2,Frontal,0_to_3,0back,3back,-0.060539,0.114103,-0.106626,-0.014452,-0.5306,-0.5385,-2.7054,1.210670e-02,1.513213e-02,YES
2,Frontal,2_to_3,2back,3back,0.012732,0.036859,-0.002156,0.027620,0.3454,0.4815,1.7613,9.041918e-02,3.122070e-02,NO
3,Frontal,0_to_2,0back,2back,-0.088793,0.119773,-0.137171,-0.040416,-0.7413,-0.7094,-3.7801,8.694406e-04,9.347796e-04,YES
3,Frontal,0_to_3,0back,3back,-0.078676,0.114463,-0.124908,-0.032443,-0.6873,-0.6638,-3.5048,1.744330e-03,2.181530e-03,YES
3,Frontal,2_to_3,2back,3back,0.010118,0.037989,-0.005226,0.025462,0.2663,0.4074,1.3580,1.865886e-01,7.092106e-02,NO
4,Frontal,0_to_2,0back,2back,-0.096059,0.117808,-0.143643,-0.048476,-0.8154,-0.7607,-4.1577,3.301498e-04,3.207028e-04,YES
4,Frontal,0_to_3,0back,3back,-0.089772,0.115126,-0.136272,-0.043271,-0.7798,-0.7208,-3.9760,5.268630e-04,7.454455e-04,YES
4,Frontal,2_to_3,2back,3back,0.006288,0.036469,-0.008442,0.021018,0.1724,0.2251,0.8791,3.876968e-01,3.276410e-01,NO
5,Frontal,0_to_2,0back,2back,-0.098580,0.121678,-0.147727,-0.049433,-0.8102,-0.7607,-4.1311,3.535957e-04,3.207028e-04,YES
5,Frontal,0_to_3,0back,3back,-0.092040,0.119567,-0.140334,-0.043746,-0.7698,-0.7322,-3.9251,6.003965e-04,5.907416e-04,YES
5,Frontal,2_to_3,2back,3back,0.006540,0.037860,-0.008752,0.021832,0.1727,0.2707,0.8808,3.868004e-01,2.369501e-01,NO
mean_mse,Occipital,0_to_2,0back,2back,0.023461,0.073799,-0.006347,0.053269,0.3179,0.3846,1.6210,1.175673e-01,8.902901e-02,NO
mean_mse,Occipital,0_to_3,0back,3back,0.030251,0.073865,0.000416,0.060086,0.4095,0.4758,2.0883,4.711930e-02,3.341016e-02,YES
mean_mse,Occipital,2_to_3,2back,3back,0.006790,0.013638,0.001281,0.012299,0.4979,0.4929,2.5386,1.773146e-02,2.719581e-02,YES
1,Occipital,0_to_2,0back,2back,0.039849,0.063964,0.014013,0.065684,0.6230,0.6353,3.1766,3.934753e-03,3.550977e-03,YES
1,Occipital,0_to_3,0back,3back,0.047319,0.065945,0.020683,0.073955,0.7175,0.7037,3.6588,1.183245e-03,1.044393e-03,YES
1,Occipital,2_to_3,2back,3back,0.007470,0.017789,0.000285,0.014655,0.4199,0.4302,2.1413,4.218312e-02,5.585322e-02,YES
2,Occipital,0_to_2,0back,2back,0.042763,0.094832,0.004460,0.081067,0.4509,0.5271,2.2993,3.011776e-02,1.761353e-02,YES
2,Occipital,0_to_3,0back,3back,0.053140,0.095265,0.014662,0.091619,0.5578,0.6182,2.8443,8.748280e-03,4.689366e-03,YES
2,Occipital,2_to_3,2back,3back,0.010377,0.018735,0.002810,0.017945,0.5539,0.5157,2.8245,9.167412e-03,2.042863e-02,YES
3,Occipital,0_to_2,0back,2back,0.023703,0.082968,-0.009808,0.057215,0.2857,0.2877,1.4568,1.576283e-01,2.078540e-01,NO
3,Occipital,0_to_3,0back,3back,0.033224,0.080462,0.000724,0.065723,0.4129,0.4758,2.1054,4.546632e-02,3.341016e-02,YES
3,Occipital,2_to_3,2back,3back,0.009520,0.018808,0.001924,0.017117,0.5062,0.5043,2.5811,1.610477e-02,2.361092e-02,YES
4,Occipital,0_to_2,0back,2back,0.008016,0.080804,-0.024622,0.040653,0.0992,-0.0085,0.5058,6.174187e-01,9.800839e-01,NO
4,Occipital,0_to_3,0back,3back,0.013681,0.082105,-0.019482,0.046844,0.1666,0.0883,0.8496,4.035966e-01,7.078457e-01,NO
4,Occipital,2_to_3,2back,3back,0.005665,0.023805,-0.003950,0.015280,0.2380,0.2593,1.2135,2.362979e-01,2.578226e-01,NO
5,Occipital,0_to_2,0back,2back,0.002816,0.067134,-0.024299,0.029932,0.0420,-0.0655,0.2139,8.323484e-01,7.835338e-01,NO
5,Occipital,0_to_3,0back,3back,0.003718,0.061844,-0.021261,0.028697,0.0601,-0.0883,0.3065,7.617309e-01,7.078457e-01,NO
5,Occipital,2_to_3,2back,3back,0.000901,0.019837,-0.007111,0.008914,0.0454,-0.0313,0.2317,8.186365e-01,9.006587e-01,NO
mean_mse,Parietal,0_to_2,0back,2back,-0.002675,0.057854,-0.026043,0.020692,-0.0462,-0.1168,-0.2358,8.155105e-01,6.170916e-01,NO
mean_mse,Parietal,0_to_3,0back,3back,0.007264,0.059886,-0.016924,0.031453,0.1213,0.0769,0.6185,5.418229e-01,7.453930e-01,NO
mean_mse,Parietal,2_to_3,2back,3back,0.009940,0.011540,0.005278,0.014601,0.8613,0.7892,4.3918,1.802800e-04,1.661777e-04,YES
1,Parietal,0_to_2,0back,2back,0.018109,0.060794,-0.006446,0.042664,0.2979,0.3048,1.5189,1.413446e-01,1.813544e-01,NO
1,Parietal,0_to_3,0back,3back,0.029450,0.063835,0.003667,0.055233,0.4613,0.4644,2.3524,2.682931e-02,3.816831e-02,YES
1,Parietal,2_to_3,2back,3back,0.011341,0.015222,0.005193,0.017489,0.7451,0.7208,3.7992,8.283229e-04,7.454455e-04,YES
2,Parietal,0_to_2,0back,2back,0.012547,0.080890,-0.020125,0.045220,0.1551,0.1510,0.7909,4.364226e-01,5.153008e-01,NO
2,Parietal,0_to_3,0back,3back,0.026382,0.081771,-0.006646,0.059410,0.3226,0.3162,1.6451,1.124612e-01,1.650889e-01,NO
2,Parietal,2_to_3,2back,3back,0.013835,0.015829,0.007442,0.020228,0.8740,0.8006,4.4567,1.523445e-04,1.258850e-04,YES
3,Parietal,0_to_2,0back,2back,-0.003218,0.065074,-0.029502,0.023066,-0.0494,-0.1225,-0.2521,8.029994e-01,5.995474e-01,NO
3,Parietal,0_to_3,0back,3back,0.007161,0.065822,-0.019425,0.033748,0.1088,0.0256,0.5548,5.839768e-01,9.204554e-01,NO
3,Parietal,2_to_3,2back,3back,0.010379,0.016255,0.003814,0.016945,0.6385,0.6467,3.2558,3.239660e-03,2.932936e-03,YES
4,Parietal,0_to_2,0back,2back,-0.016376,0.051168,-0.037044,0.004291,-0.3200,-0.4644,-1.6319,1.152286e-01,3.816831e-02,NO
4,Parietal,0_to_3,0back,3back,-0.006385,0.054967,-0.028587,0.015817,-0.1162,-0.2764,-0.5923,5.589656e-01,2.269585e-01,NO
4,Parietal,2_to_3,2back,3back,0.009991,0.013120,0.004692,0.015291,0.7615,0.7094,3.8830,6.686225e-04,9.347796e-04,YES
5,Parietal,0_to_2,0back,2back,-0.024553,0.048009,-0.043944,-0.005161,-0.5114,-0.6353,-2.6077,1.515536e-02,3.550977e-03,YES
5,Parietal,0_to_3,0back,3back,-0.020318,0.049468,-0.040299,-0.000337,-0.4107,-0.6638,-2.0943,4.653071e-02,2.181530e-03,YES
5,Parietal,2_to_3,2back,3back,0.004234,0.019084,-0.003474,0.011943,0.2219,0.1738,1.1314,2.686188e-01,4.524725e-01,NO
mean_mse,Temporal,0_to_2,0back,2back,-0.034308,0.054509,-0.056324,-0.012291,-0.6294,-0.6581,-3.2093,3.632436e-03,2.410769e-03,YES
mean_mse,Temporal,0_to_3,0back,3back,-0.028701,0.053231,-0.050201,-0.007201,-0.5392,-0.5897,-2.7493,1.093192e-02,7.290900e-03,YES
mean_mse,Temporal,2_to_3,2back,3back,0.005607,0.021825,-0.003209,0.014422,0.2569,0.2764,1.3099,2.021373e-01,2.269585e-01,NO
1,Temporal,0_to_2,0back,2back,-0.010473,0.059508,-0.034509,0.013563,-0.1760,-0.1738,-0.8974,3.780821e-01,4.524725e-01,NO
1,Temporal,0_to_3,0back,3back,-0.004437,0.062014,-0.029485,0.020611,-0.0716,-0.1453,-0.3648,7.182962e-01,5.316631e-01,NO
1,Temporal,2_to_3,2back,3back,0.006036,0.022411,-0.003016,0.015087,0.2693,0.3219,1.3733,1.818661e-01,1.573652e-01,NO
2,Temporal,0_to_2,0back,2back,-0.024453,0.070977,-0.053121,0.004215,-0.3445,-0.4131,-1.7567,9.120858e-02,6.688321e-02,NO
2,Temporal,0_to_3,0back,3back,-0.017503,0.073980,-0.047384,0.012378,-0.2366,-0.3504,-1.2064,2.389627e-01,1.226694e-01,NO
2,Temporal,2_to_3,2back,3back,0.006950,0.025856,-0.003494,0.017394,0.2688,0.3162,1.3705,1.826972e-01,1.650889e-01,NO
3,Temporal,0_to_2,0back,2back,-0.038861,0.059010,-0.062695,-0.015027,-0.6586,-0.6695,-3.3580,2.516496e-03,1.971602e-03,YES
3,Temporal,0_to_3,0back,3back,-0.032909,0.056794,-0.055849,-0.009969,-0.5794,-0.6125,-2.9546,6.732355e-03,5.133182e-03,YES
3,Temporal,2_to_3,2back,3back,0.005952,0.027129,-0.005006,0.016910,0.2194,0.2023,1.1187,2.739164e-01,3.801938e-01,NO
4,Temporal,0_to_2,0back,2back,-0.045060,0.053067,-0.066494,-0.023626,-0.8491,-0.7949,-4.3296,2.117192e-04,1.448095e-04,YES
4,Temporal,0_to_3,0back,3back,-0.038209,0.050493,-0.058604,-0.017815,-0.7567,-0.7322,-3.8585,7.118598e-04,5.907416e-04,YES
4,Temporal,2_to_3,2back,3back,0.006851,0.029958,-0.005249,0.018951,0.2287,0.1282,1.1661,2.545955e-01,5.822250e-01,NO
5,Temporal,0_to_2,0back,2back,-0.052793,0.052024,-0.073806,-0.031780,-1.0148,-0.8575,-5.1744,2.374790e-05,2.694130e-05,YES
5,Temporal,0_to_3,0back,3back,-0.050492,0.046848,-0.069415,-0.031570,-1.0778,-0.8746,-5.4957,1.039681e-05,1.597404e-05,YES
5,Temporal,2_to_3,2back,3back,0.002301,0.022071,-0.006614,0.011216,0.1043,0.1111,0.5316,5.996949e-01,6.348496e-01,NO
mean_mse,WholeBrain,0_to_2,0back,2back,-0.036075,0.065324,-0.062460,-0.009690,-0.5522,-0.5670,-2.8159,9.353385e-03,1.018503e-02,YES
mean_mse,WholeBrain,0_to_3,0back,3back,-0.026994,0.063459,-0.052625,-0.001362,-0.4254,-0.4701,-2.1690,3.979785e-02,3.572437e-02,YES
mean_mse,WholeBrain,2_to_3,2back,3back,0.009081,0.018492,0.001612,0.016551,0.4911,0.5783,2.5041,1.916692e-02,8.634657e-03,YES
1,WholeBrain,0_to_2,0back,2back,-0.007494,0.061714,-0.032421,0.017433,-0.1214,-0.1054,-0.6192,5.414071e-01,6.528128e-01,NO
1,WholeBrain,0_to_3,0back,3back,0.002273,0.061162,-0.022431,0.026977,0.0372,0.0028,0.1895,8.512234e-01,1.000000e+00,NO
1,WholeBrain,2_to_3,2back,3back,0.009767,0.016460,0.003119,0.016415,0.5934,0.6353,3.0257,5.676400e-03,3.550977e-03,YES
2,WholeBrain,0_to_2,0back,2back,-0.025271,0.083777,-0.059109,0.008567,-0.3016,-0.3447,-1.5381,1.365885e-01,1.291008e-01,NO
2,WholeBrain,0_to_3,0back,3back,-0.012637,0.081341,-0.045491,0.020218,-0.1554,-0.1738,-0.7922,4.357227e-01,4.524725e-01,NO
2,WholeBrain,2_to_3,2back,3back,0.012634,0.022083,0.003715,0.021554,0.5721,0.6011,2.9173,7.358614e-03,6.130725e-03,YES
3,WholeBrain,0_to_2,0back,2back,-0.040673,0.071962,-0.069739,-0.011607,-0.5652,-0.5726,-2.8820,8.003321e-03,9.382546e-03,YES
3,WholeBrain,0_to_3,0back,3back,-0.030837,0.068691,-0.058582,-0.003092,-0.4489,-0.5157,-2.2891,3.079432e-02,2.042863e-02,YES
3,WholeBrain,2_to_3,2back,3back,0.009836,0.021547,0.001133,0.018539,0.4565,0.5157,2.3277,2.831558e-02,2.042863e-02,YES
4,WholeBrain,0_to_2,0back,2back,-0.050766,0.061090,-0.075440,-0.026091,-0.8310,-0.7550,-4.2373,2.688371e-04,3.636479e-04,YES
4,WholeBrain,0_to_3,0back,3back,-0.042847,0.060785,-0.067398,-0.018295,-0.7049,-0.6752,-3.5942,1.392911e-03,1.779556e-03,YES
4,WholeBrain,2_to_3,2back,3back,0.007919,0.019572,0.000013,0.015824,0.4046,0.5271,2.0630,4.963960e-02,1.761353e-02,YES
5,WholeBrain,0_to_2,0back,2back,-0.056237,0.059212,-0.080153,-0.032320,-0.9498,-0.8234,-4.8428,5.599574e-05,7.024407e-05,YES
5,WholeBrain,0_to_3,0back,3back,-0.050994,0.057302,-0.074139,-0.027849,-0.8899,-0.7721,-4.5377,1.235051e-04,2.480149e-04,YES
5,WholeBrain,2_to_3,2back,3back,0.005242,0.020099,-0.002876,0.013360,0.2608,0.2650,1.3300,1.955312e-01,2.472376e-01,NO
