region,entropy_measure,amplitude_measure,contrast,raw_mean_contrast,raw_p_value,beta0_adjusted_entropy,beta1_amplitude_coupling,beta0_t_stat,beta0_p_value,r2_explained_by_amplitude,retains_significance_p05
Central,entropy__sample_entropy,amp__rms,0_to_2,-0.013334,3.054707e-01,-0.009103,-0.040239,-1.0706,2.949962e-01,0.5760,NO
Central,entropy__sample_entropy,amp__rms,0_to_3,-0.001342,9.123901e-01,-0.005627,-0.035234,-0.7023,4.892301e-01,0.5812,NO
Central,entropy__sample_entropy,amp__rms,2_to_3,0.011992,2.280386e-03,0.002776,-0.040642,0.7777,4.443443e-01,0.4102,NO
Central,entropy__sample_entropy,amp__broadband_power_1_45,0_to_2,-0.013334,3.054707e-01,-0.015196,-0.001560,-1.6529,1.113765e-01,0.5013,NO
Central,entropy__sample_entropy,amp__broadband_power_1_45,0_to_3,-0.001342,9.123901e-01,-0.008429,-0.001395,-0.9626,3.453243e-01,0.5087,NO
Central,entropy__sample_entropy,amp__broadband_power_1_45,2_to_3,0.011992,2.280386e-03,0.007353,-0.001194,2.1617,4.083204e-02,0.2832,YES
Central,entropy__sample_entropy,amp__theta_relative_4_8,0_to_2,-0.013334,3.054707e-01,-0.024394,1.002687,-1.5297,1.391732e-01,0.0515,NO
Central,entropy__sample_entropy,amp__theta_relative_4_8,0_to_3,-0.001342,9.123901e-01,-0.005912,0.534743,-0.4211,6.774427e-01,0.0178,NO
Central,entropy__sample_entropy,amp__theta_relative_4_8,2_to_3,0.011992,2.280386e-03,0.011364,-0.252397,3.0465,5.555578e-03,0.0143,YES
Central,entropy__sample_entropy,amp__alpha_relative_8_13,0_to_2,-0.013334,3.054707e-01,-0.024330,-0.245609,-1.5140,1.430785e-01,0.0492,NO
Central,entropy__sample_entropy,amp__alpha_relative_8_13,0_to_3,-0.001342,9.123901e-01,-0.012947,-0.269247,-0.8753,3.900906e-01,0.0678,NO
Central,entropy__sample_entropy,amp__alpha_relative_8_13,2_to_3,0.011992,2.280386e-03,0.010934,0.632735,3.1804,4.027352e-03,0.1164,YES
Central,entropy__sample_entropy,amp__beta_relative_13_30,0_to_2,-0.013334,3.054707e-01,0.006803,2.213707,0.9388,3.571715e-01,0.7271,NO
Central,entropy__sample_entropy,amp__beta_relative_13_30,0_to_3,-0.001342,9.123901e-01,0.009029,2.306468,1.3653,1.848262e-01,0.7234,NO
Central,entropy__sample_entropy,amp__beta_relative_13_30,2_to_3,0.011992,2.280386e-03,0.006791,1.130517,2.5742,1.664680e-02,0.5382,YES
Central,entropy__mse,amp__rms,0_to_2,-0.013334,3.054707e-01,-0.034835,-0.039270,-3.7969,8.788354e-04,0.5263,YES
Central,entropy__mse,amp__rms,0_to_3,-0.001342,9.123901e-01,-0.031587,-0.034098,-3.8673,7.364143e-04,0.5556,YES
Central,entropy__mse,amp__rms,2_to_3,0.011992,2.280386e-03,0.002767,-0.038616,0.6197,5.413192e-01,0.2864,NO
Central,entropy__mse,amp__broadband_power_1_45,0_to_2,-0.013334,3.054707e-01,-0.040787,-0.001527,-4.1795,3.344654e-04,0.4609,YES
Central,entropy__mse,amp__broadband_power_1_45,0_to_3,-0.001342,9.123901e-01,-0.034236,-0.001338,-3.8304,8.080343e-04,0.4774,YES
Central,entropy__mse,amp__broadband_power_1_45,2_to_3,0.011992,2.280386e-03,0.006629,-0.001260,1.6685,1.082043e-01,0.2438,NO
Central,entropy__mse,amp__theta_relative_4_8,0_to_2,-0.013334,3.054707e-01,-0.044660,0.516409,-2.6892,1.282132e-02,0.0131,YES
Central,entropy__mse,amp__theta_relative_4_8,0_to_3,-0.001342,9.123901e-01,-0.028221,0.091305,-2.0131,5.544947e-02,0.0005,NO
Central,entropy__mse,amp__theta_relative_4_8,2_to_3,0.011992,2.280386e-03,0.011482,-0.016535,2.6873,1.287655e-02,0.0000,YES
Central,entropy__mse,amp__alpha_relative_8_13,0_to_2,-0.013334,3.054707e-01,-0.041545,-0.057641,-2.4724,2.089592e-02,0.0026,YES
Central,entropy__mse,amp__alpha_relative_8_13,0_to_3,-0.001342,9.123901e-01,-0.030147,-0.062774,-1.9920,5.786971e-02,0.0038,NO
Central,entropy__mse,amp__alpha_relative_8_13,2_to_3,0.011992,2.280386e-03,0.009712,1.083471,2.7217,1.189764e-02,0.2639,YES
Central,entropy__mse,amp__beta_relative_13_30,0_to_2,-0.013334,3.054707e-01,-0.019703,2.117323,-2.3129,2.961766e-02,0.6382,YES
Central,entropy__mse,amp__beta_relative_13_30,0_to_3,-0.001342,9.123901e-01,-0.017374,2.238723,-2.5308,1.834879e-02,0.6957,YES
Central,entropy__mse,amp__beta_relative_13_30,2_to_3,0.011992,2.280386e-03,0.006349,1.124858,1.8755,7.294458e-02,0.4120,NO
Frontal,entropy__sample_entropy,amp__rms,0_to_2,-0.039219,1.908460e-02,0.010476,-0.019273,0.9704,3.415031e-01,0.7089,NO
Frontal,entropy__sample_entropy,amp__rms,0_to_3,-0.030042,5.379945e-02,0.008096,-0.017154,0.7533,4.586199e-01,0.6432,NO
Frontal,entropy__sample_entropy,amp__rms,2_to_3,0.009177,5.875186e-02,0.003451,-0.016123,1.1552,2.593965e-01,0.6360,NO
Frontal,entropy__sample_entropy,amp__broadband_power_1_45,0_to_2,-0.039219,1.908460e-02,-0.008619,-0.000155,-0.5761,5.699030e-01,0.3762,NO
Frontal,entropy__sample_entropy,amp__broadband_power_1_45,0_to_3,-0.030042,5.379945e-02,-0.006758,-0.000114,-0.4546,6.535014e-01,0.2846,NO
Frontal,entropy__sample_entropy,amp__broadband_power_1_45,2_to_3,0.009177,5.875186e-02,0.009747,-0.000082,2.2851,3.144037e-02,0.1891,YES
Frontal,entropy__sample_entropy,amp__theta_relative_4_8,0_to_2,-0.039219,1.908460e-02,-0.060767,1.591512,-3.0652,5.312655e-03,0.1051,YES
Frontal,entropy__sample_entropy,amp__theta_relative_4_8,0_to_3,-0.030042,5.379945e-02,-0.050676,1.577213,-2.7926,1.010171e-02,0.1219,YES
Frontal,entropy__sample_entropy,amp__theta_relative_4_8,2_to_3,0.009177,5.875186e-02,0.009197,0.044524,1.9431,6.381677e-02,0.0004,NO
Frontal,entropy__sample_entropy,amp__alpha_relative_8_13,0_to_2,-0.039219,1.908460e-02,-0.025864,0.359128,-1.3530,1.886764e-01,0.0563,NO
Frontal,entropy__sample_entropy,amp__alpha_relative_8_13,0_to_3,-0.030042,5.379945e-02,-0.017408,0.351748,-0.9824,3.356851e-01,0.0630,NO
Frontal,entropy__sample_entropy,amp__alpha_relative_8_13,2_to_3,0.009177,5.875186e-02,0.006626,2.008501,2.0511,5.133092e-02,0.5435,NO
Frontal,entropy__sample_entropy,amp__beta_relative_13_30,0_to_2,-0.039219,1.908460e-02,-0.010296,2.307120,-1.1845,2.478246e-01,0.7495,NO
Frontal,entropy__sample_entropy,amp__beta_relative_13_30,0_to_3,-0.030042,5.379945e-02,-0.007822,2.471890,-1.0133,3.210246e-01,0.7675,NO
Frontal,entropy__sample_entropy,amp__beta_relative_13_30,2_to_3,0.009177,5.875186e-02,0.003738,1.533263,1.2291,2.309562e-01,0.6202,NO
Frontal,entropy__mse,amp__rms,0_to_2,-0.039219,1.908460e-02,-0.016731,-0.024216,-0.9492,3.519752e-01,0.5905,NO
Frontal,entropy__mse,amp__rms,0_to_3,-0.030042,5.379945e-02,-0.022199,-0.021591,-1.2784,2.133181e-01,0.5225,NO
Frontal,entropy__mse,amp__rms,2_to_3,0.009177,5.875186e-02,0.000410,-0.024100,0.1048,9.173983e-01,0.6946,NO
Frontal,entropy__mse,amp__broadband_power_1_45,0_to_2,-0.039219,1.908460e-02,-0.041218,-0.000193,-1.8964,7.000231e-02,0.3054,NO
Frontal,entropy__mse,amp__broadband_power_1_45,0_to_3,-0.030042,5.379945e-02,-0.041694,-0.000140,-1.9219,6.657228e-02,0.2187,NO
Frontal,entropy__mse,amp__broadband_power_1_45,2_to_3,0.009177,5.875186e-02,0.009843,-0.000126,1.6417,1.136921e-01,0.2169,NO
Frontal,entropy__mse,amp__theta_relative_4_8,0_to_2,-0.039219,1.908460e-02,-0.106757,2.037296,-3.8807,7.118304e-04,0.0909,YES
Frontal,entropy__mse,amp__theta_relative_4_8,0_to_3,-0.030042,5.379945e-02,-0.097789,2.108558,-3.8365,7.956073e-04,0.1117,YES
Frontal,entropy__mse,amp__theta_relative_4_8,2_to_3,0.009177,5.875186e-02,0.009141,0.374478,1.3587,1.868711e-01,0.0129,NO
Frontal,entropy__mse,amp__alpha_relative_8_13,0_to_2,-0.039219,1.908460e-02,-0.044005,0.945684,-1.8227,8.082445e-02,0.2058,NO
Frontal,entropy__mse,amp__alpha_relative_8_13,0_to_3,-0.030042,5.379945e-02,-0.035268,0.972644,-1.5899,1.249424e-01,0.2470,NO
Frontal,entropy__mse,amp__alpha_relative_8_13,2_to_3,0.009177,5.875186e-02,0.005146,3.010571,1.1852,2.475452e-01,0.5969,NO
Frontal,entropy__mse,amp__beta_relative_13_30,0_to_2,-0.039219,1.908460e-02,-0.042681,2.910892,-2.9327,7.278093e-03,0.6295,YES
Frontal,entropy__mse,amp__beta_relative_13_30,0_to_3,-0.030042,5.379945e-02,-0.041272,3.218480,-3.1997,3.843353e-03,0.6672,YES
Frontal,entropy__mse,amp__beta_relative_13_30,2_to_3,0.009177,5.875186e-02,0.001704,2.048221,0.3563,7.247205e-01,0.5410,NO
Occipital,entropy__sample_entropy,amp__rms,0_to_2,0.039849,3.934753e-03,0.017219,-0.030115,1.9082,6.839442e-02,0.5927,NO
Occipital,entropy__sample_entropy,amp__rms,0_to_3,0.047319,1.183245e-03,0.021122,-0.029659,2.1184,4.468349e-02,0.5589,YES
Occipital,entropy__sample_entropy,amp__rms,2_to_3,0.007470,4.218312e-02,0.003420,-0.030722,0.8209,4.197863e-01,0.1025,NO
Occipital,entropy__sample_entropy,amp__broadband_power_1_45,0_to_2,0.039849,3.934753e-03,0.019406,-0.001165,1.9194,6.689295e-02,0.4879,NO
Occipital,entropy__sample_entropy,amp__broadband_power_1_45,0_to_3,0.047319,1.183245e-03,0.024431,-0.001167,2.2593,3.322106e-02,0.4701,YES
Occipital,entropy__sample_entropy,amp__broadband_power_1_45,2_to_3,0.007470,4.218312e-02,0.005041,-0.001176,1.3176,2.000903e-01,0.0772,NO
Occipital,entropy__sample_entropy,amp__theta_relative_4_8,0_to_2,0.039849,3.934753e-03,0.015569,1.755416,1.0624,2.986355e-01,0.2203,NO
Occipital,entropy__sample_entropy,amp__theta_relative_4_8,0_to_3,0.047319,1.183245e-03,0.036762,1.090351,2.4927,1.997431e-02,0.0760,YES
Occipital,entropy__sample_entropy,amp__theta_relative_4_8,2_to_3,0.007470,4.218312e-02,0.008395,0.222874,2.0707,4.930465e-02,0.0091,YES
Occipital,entropy__sample_entropy,amp__alpha_relative_8_13,0_to_2,0.039849,3.934753e-03,-0.000477,-0.609334,-0.0415,9.672304e-01,0.5427,NO
Occipital,entropy__sample_entropy,amp__alpha_relative_8_13,0_to_3,0.047319,1.183245e-03,0.009337,-0.608894,0.7221,4.771823e-01,0.4545,NO
Occipital,entropy__sample_entropy,amp__alpha_relative_8_13,2_to_3,0.007470,4.218312e-02,0.009209,-0.457470,2.5142,1.904214e-02,0.0713,YES
Occipital,entropy__sample_entropy,amp__beta_relative_13_30,0_to_2,0.039849,3.934753e-03,0.019220,1.590740,2.6264,1.479266e-02,0.7162,YES
Occipital,entropy__sample_entropy,amp__beta_relative_13_30,0_to_3,0.047319,1.183245e-03,0.024643,1.631785,2.8703,8.428132e-03,0.6447,YES
Occipital,entropy__sample_entropy,amp__beta_relative_13_30,2_to_3,0.007470,4.218312e-02,0.006530,1.012819,2.1253,4.404907e-02,0.2635,YES
Occipital,entropy__mse,amp__rms,0_to_2,0.039849,3.934753e-03,-0.006810,-0.040283,-0.9258,3.637736e-01,0.7967,NO
Occipital,entropy__mse,amp__rms,0_to_3,0.047319,1.183245e-03,-0.004603,-0.039460,-0.5954,5.571749e-01,0.7886,NO
Occipital,entropy__mse,amp__rms,2_to_3,0.007470,4.218312e-02,0.006089,-0.005315,1.8106,8.274122e-02,0.0052,NO
Occipital,entropy__mse,amp__broadband_power_1_45,0_to_2,0.039849,3.934753e-03,-0.005186,-0.001632,-0.6010,5.534793e-01,0.7198,NO
Occipital,entropy__mse,amp__broadband_power_1_45,0_to_3,0.047319,1.183245e-03,-0.001158,-0.001601,-0.1283,8.990133e-01,0.7056,NO
Occipital,entropy__mse,amp__broadband_power_1_45,2_to_3,0.007470,4.218312e-02,0.005850,-0.000455,1.9349,6.486777e-02,0.0197,NO
Occipital,entropy__mse,amp__theta_relative_4_8,0_to_2,0.039849,3.934753e-03,0.000059,1.691891,0.0034,9.973385e-01,0.1537,NO
Occipital,entropy__mse,amp__theta_relative_4_8,0_to_3,0.047319,1.183245e-03,0.020503,1.006744,1.2252,2.323981e-01,0.0516,NO
Occipital,entropy__mse,amp__theta_relative_4_8,2_to_3,0.007470,4.218312e-02,0.006856,0.015929,2.1958,3.801208e-02,0.0001,YES
Occipital,entropy__mse,amp__alpha_relative_8_13,0_to_2,0.039849,3.934753e-03,-0.024018,-0.717423,-1.8578,7.550339e-02,0.5652,NO
Occipital,entropy__mse,amp__alpha_relative_8_13,0_to_3,0.047319,1.183245e-03,-0.016759,-0.753615,-1.2812,2.123797e-01,0.5550,NO
Occipital,entropy__mse,amp__alpha_relative_8_13,2_to_3,0.007470,4.218312e-02,0.007266,-0.125313,2.5050,1.943571e-02,0.0091,YES
Occipital,entropy__mse,amp__beta_relative_13_30,0_to_2,0.039849,3.934753e-03,0.000167,1.796263,0.0188,9.851900e-01,0.6860,NO
Occipital,entropy__mse,amp__beta_relative_13_30,0_to_3,0.047319,1.183245e-03,0.003839,1.900587,0.4324,6.693143e-01,0.6971,NO
Occipital,entropy__mse,amp__beta_relative_13_30,2_to_3,0.007470,4.218312e-02,0.006125,0.716567,2.5337,1.823148e-02,0.2244,YES
Parietal,entropy__sample_entropy,amp__rms,0_to_2,0.018109,1.413446e-01,0.004786,-0.036816,0.5501,5.873532e-01,0.5326,NO
Parietal,entropy__sample_entropy,amp__rms,0_to_3,0.029450,2.682931e-02,0.010777,-0.036088,1.1307,2.693735e-01,0.5243,NO
Parietal,entropy__sample_entropy,amp__rms,2_to_3,0.011341,8.283229e-04,0.007657,-0.023688,1.8281,7.999077e-02,0.0603,NO
Parietal,entropy__sample_entropy,amp__broadband_power_1_45,0_to_2,0.018109,1.413446e-01,0.004062,-0.001482,0.4183,6.794795e-01,0.4352,NO
Parietal,entropy__sample_entropy,amp__broadband_power_1_45,0_to_3,0.029450,2.682931e-02,0.011500,-0.001503,1.1008,2.819157e-01,0.4373,NO
Parietal,entropy__sample_entropy,amp__broadband_power_1_45,2_to_3,0.011341,8.283229e-04,0.009090,-0.000913,2.3913,2.498325e-02,0.0369,YES
Parietal,entropy__sample_entropy,amp__theta_relative_4_8,0_to_2,0.018109,1.413446e-01,-0.000625,1.606738,-0.0410,9.676410e-01,0.1243,NO
Parietal,entropy__sample_entropy,amp__theta_relative_4_8,0_to_3,0.029450,2.682931e-02,0.019683,1.147396,1.3481,1.902179e-01,0.0621,NO
Parietal,entropy__sample_entropy,amp__theta_relative_4_8,2_to_3,0.011341,8.283229e-04,0.012000,0.209410,3.5135,1.781981e-03,0.0073,YES
Parietal,entropy__sample_entropy,amp__alpha_relative_8_13,0_to_2,0.018109,1.413446e-01,-0.011236,-0.572543,-0.8977,3.782405e-01,0.3645,NO
Parietal,entropy__sample_entropy,amp__alpha_relative_8_13,0_to_3,0.029450,2.682931e-02,-0.000025,-0.604068,-0.0019,9.984800e-01,0.3523,NO
Parietal,entropy__sample_entropy,amp__alpha_relative_8_13,2_to_3,0.011341,8.283229e-04,0.011813,-0.191841,3.7764,9.252999e-04,0.0144,YES
Parietal,entropy__sample_entropy,amp__beta_relative_13_30,0_to_2,0.018109,1.413446e-01,0.015417,1.876983,2.5175,1.890232e-02,0.7474,YES
Parietal,entropy__sample_entropy,amp__beta_relative_13_30,0_to_3,0.029450,2.682931e-02,0.017096,2.046361,2.5527,1.746979e-02,0.7390,YES
Parietal,entropy__sample_entropy,amp__beta_relative_13_30,2_to_3,0.011341,8.283229e-04,0.006517,1.048067,2.3205,2.913226e-02,0.3470,YES
Parietal,entropy__mse,amp__rms,0_to_2,0.018109,1.413446e-01,-0.017583,-0.041195,-2.8278,9.307163e-03,0.7364,YES
Parietal,entropy__mse,amp__rms,0_to_3,0.029450,2.682931e-02,-0.013829,-0.040766,-2.1780,3.946571e-02,0.7601,YES
Parietal,entropy__mse,amp__rms,2_to_3,0.011341,8.283229e-04,0.007330,-0.016780,2.2989,3.052068e-02,0.0526,YES
Parietal,entropy__mse,amp__broadband_power_1_45,0_to_2,0.018109,1.413446e-01,-0.019279,-0.001752,-2.7351,1.153854e-02,0.6714,YES
Parietal,entropy__mse,amp__broadband_power_1_45,0_to_3,0.029450,2.682931e-02,-0.013821,-0.001765,-1.8867,7.136250e-02,0.6856,NO
Parietal,entropy__mse,amp__broadband_power_1_45,2_to_3,0.011341,8.283229e-04,0.008398,-0.000625,2.9039,7.787543e-03,0.0301,YES
Parietal,entropy__mse,amp__theta_relative_4_8,0_to_2,0.018109,1.413446e-01,-0.014490,1.013261,-0.9607,3.462642e-01,0.0546,NO
Parietal,entropy__mse,amp__theta_relative_4_8,0_to_3,0.029450,2.682931e-02,0.001617,0.663482,0.1157,9.088644e-01,0.0236,NO
Parietal,entropy__mse,amp__theta_relative_4_8,2_to_3,0.011341,8.283229e-04,0.011250,0.416284,4.4418,1.717299e-04,0.0504,YES
Parietal,entropy__mse,amp__alpha_relative_8_13,0_to_2,0.018109,1.413446e-01,-0.029179,-0.517109,-2.3829,2.544357e-02,0.3283,YES
Parietal,entropy__mse,amp__alpha_relative_8_13,0_to_3,0.029450,2.682931e-02,-0.019818,-0.555029,-1.5918,1.245191e-01,0.3379,NO
Parietal,entropy__mse,amp__alpha_relative_8_13,2_to_3,0.011341,8.283229e-04,0.009610,0.134278,4.0475,4.673140e-04,0.0123,YES
Parietal,entropy__mse,amp__beta_relative_13_30,0_to_2,0.018109,1.413446e-01,-0.005108,1.696483,-0.7718,4.477946e-01,0.6742,NO
Parietal,entropy__mse,amp__beta_relative_13_30,0_to_3,0.029450,2.682931e-02,-0.004122,1.885992,-0.6259,5.373098e-01,0.7132,NO
Parietal,entropy__mse,amp__beta_relative_13_30,2_to_3,0.011341,8.283229e-04,0.006478,0.752082,2.9615,6.798661e-03,0.3109,YES
Temporal,entropy__sample_entropy,amp__rms,0_to_2,-0.010473,3.780821e-01,-0.005777,-0.055037,-0.7087,4.853287e-01,0.5373,NO
Temporal,entropy__sample_entropy,amp__rms,0_to_3,-0.004437,7.182962e-01,-0.004167,-0.055186,-0.4829,6.335240e-01,0.5169,NO
Temporal,entropy__sample_entropy,amp__rms,2_to_3,0.006036,1.818661e-01,0.006170,0.001673,1.2469,2.244581e-01,0.0002,NO
Temporal,entropy__sample_entropy,amp__broadband_power_1_45,0_to_2,-0.010473,3.780821e-01,-0.007373,-0.003080,-0.8777,3.888153e-01,0.5054,NO
Temporal,entropy__sample_entropy,amp__broadband_power_1_45,0_to_3,-0.004437,7.182962e-01,-0.005586,-0.003169,-0.6162,5.435365e-01,0.4671,NO
Temporal,entropy__sample_entropy,amp__broadband_power_1_45,2_to_3,0.006036,1.818661e-01,0.004859,-0.000860,1.0316,3.125334e-01,0.0224,NO
Temporal,entropy__sample_entropy,amp__theta_relative_4_8,0_to_2,-0.010473,3.780821e-01,-0.001185,-1.775459,-0.0875,9.310358e-01,0.0657,NO
Temporal,entropy__sample_entropy,amp__theta_relative_4_8,0_to_3,-0.004437,7.182962e-01,0.004772,-2.608848,0.4206,6.778184e-01,0.2379,NO
Temporal,entropy__sample_entropy,amp__theta_relative_4_8,2_to_3,0.006036,1.818661e-01,0.005187,-0.498544,1.1249,2.717737e-01,0.0192,NO
Temporal,entropy__sample_entropy,amp__alpha_relative_8_13,0_to_2,-0.010473,3.780821e-01,-0.027702,-0.477797,-2.0814,4.823066e-02,0.1718,YES
Temporal,entropy__sample_entropy,amp__alpha_relative_8_13,0_to_3,-0.004437,7.182962e-01,-0.021089,-0.471231,-1.5228,1.408715e-01,0.1572,NO
Temporal,entropy__sample_entropy,amp__alpha_relative_8_13,2_to_3,0.006036,1.818661e-01,0.005496,0.745345,1.2564,2.210800e-01,0.0587,NO
Temporal,entropy__sample_entropy,amp__beta_relative_13_30,0_to_2,-0.010473,3.780821e-01,0.001916,1.600155,0.2626,7.951197e-01,0.6489,NO
Temporal,entropy__sample_entropy,amp__beta_relative_13_30,0_to_3,-0.004437,7.182962e-01,0.002481,1.730402,0.3661,7.175337e-01,0.7071,NO
Temporal,entropy__sample_entropy,amp__beta_relative_13_30,2_to_3,0.006036,1.818661e-01,0.001082,1.322971,0.4494,6.571514e-01,0.7307,NO
Temporal,entropy__mse,amp__rms,0_to_2,-0.010473,3.780821e-01,-0.030267,-0.047354,-3.8024,8.668536e-04,0.4741,YES
Temporal,entropy__mse,amp__rms,0_to_3,-0.004437,7.182962e-01,-0.028474,-0.046240,-3.7513,9.852121e-04,0.4925,YES
Temporal,entropy__mse,amp__rms,2_to_3,0.006036,1.818661e-01,0.004145,-0.018170,0.8695,3.931604e-01,0.0215,NO
Temporal,entropy__mse,amp__broadband_power_1_45,0_to_2,-0.010473,3.780821e-01,-0.031626,-0.002664,-3.9001,6.778950e-04,0.4507,YES
Temporal,entropy__mse,amp__broadband_power_1_45,0_to_3,-0.004437,7.182962e-01,-0.029639,-0.002587,-3.6590,1.241166e-03,0.4225,YES
Temporal,entropy__mse,amp__broadband_power_1_45,2_to_3,0.006036,1.818661e-01,0.003173,-0.001778,0.7214,4.776062e-01,0.1012,NO
Temporal,entropy__mse,amp__theta_relative_4_8,0_to_2,-0.010473,3.780821e-01,-0.024631,-1.849800,-2.0048,5.639502e-02,0.0849,NO
Temporal,entropy__mse,amp__theta_relative_4_8,0_to_3,-0.004437,7.182962e-01,-0.020031,-2.456269,-2.1252,4.405677e-02,0.2863,YES
Temporal,entropy__mse,amp__theta_relative_4_8,2_to_3,0.006036,1.818661e-01,0.005226,-0.223580,1.1548,2.595275e-01,0.0041,NO
Temporal,entropy__mse,amp__alpha_relative_8_13,0_to_2,-0.010473,3.780821e-01,-0.041066,-0.187413,-3.1150,4.714680e-03,0.0315,YES
Temporal,entropy__mse,amp__alpha_relative_8_13,0_to_3,-0.004437,7.182962e-01,-0.034511,-0.164430,-2.7006,1.248911e-02,0.0260,YES
Temporal,entropy__mse,amp__alpha_relative_8_13,2_to_3,0.006036,1.818661e-01,0.004633,1.344668,1.1807,2.493006e-01,0.2013,NO
Temporal,entropy__mse,amp__beta_relative_13_30,0_to_2,-0.010473,3.780821e-01,-0.023630,1.379122,-3.2104,3.744849e-03,0.5745,YES
Temporal,entropy__mse,amp__beta_relative_13_30,0_to_3,-0.004437,7.182962e-01,-0.023328,1.343795,-3.3431,2.710734e-03,0.5788,YES
Temporal,entropy__mse,amp__beta_relative_13_30,2_to_3,0.006036,1.818661e-01,0.000907,1.255054,0.3627,7.199995e-01,0.6934,NO
WholeBrain,entropy__sample_entropy,amp__rms,0_to_2,-0.007494,5.414071e-01,0.016477,-0.028759,2.3977,2.463527e-02,0.7444,YES
WholeBrain,entropy__sample_entropy,amp__rms,0_to_3,0.002273,8.512234e-01,0.018320,-0.026753,2.6074,1.544214e-02,0.7011,YES
WholeBrain,entropy__sample_entropy,amp__rms,2_to_3,0.009767,5.676400e-03,0.005061,-0.020139,1.8323,7.935187e-02,0.4164,NO
WholeBrain,entropy__sample_entropy,amp__broadband_power_1_45,0_to_2,-0.007494,5.414071e-01,0.016263,-0.000328,1.5967,1.234170e-01,0.4842,NO
WholeBrain,entropy__sample_entropy,amp__broadband_power_1_45,0_to_3,0.002273,8.512234e-01,0.021785,-0.000265,2.0498,5.145820e-02,0.4031,NO
WholeBrain,entropy__sample_entropy,amp__broadband_power_1_45,2_to_3,0.009767,5.676400e-03,0.009928,-0.000135,3.3109,2.932567e-03,0.1722,YES
WholeBrain,entropy__sample_entropy,amp__theta_relative_4_8,0_to_2,-0.007494,5.414071e-01,-0.032366,2.054834,-1.8529,7.623979e-02,0.1301,NO
WholeBrain,entropy__sample_entropy,amp__theta_relative_4_8,0_to_3,0.002273,8.512234e-01,-0.012234,1.439096,-0.7782,4.440358e-01,0.0748,NO
WholeBrain,entropy__sample_entropy,amp__theta_relative_4_8,2_to_3,0.009767,5.676400e-03,0.009788,0.010411,2.8563,8.707880e-03,0.0000,YES
WholeBrain,entropy__sample_entropy,amp__alpha_relative_8_13,0_to_2,-0.007494,5.414071e-01,-0.020271,-0.280536,-1.3228,1.983566e-01,0.0684,NO
WholeBrain,entropy__sample_entropy,amp__alpha_relative_8_13,0_to_3,0.002273,8.512234e-01,-0.009248,-0.264137,-0.6175,5.427196e-01,0.0620,NO
WholeBrain,entropy__sample_entropy,amp__alpha_relative_8_13,2_to_3,0.009767,5.676400e-03,0.008191,0.817831,2.5817,1.636691e-02,0.1342,YES
WholeBrain,entropy__sample_entropy,amp__beta_relative_13_30,0_to_2,-0.007494,5.414071e-01,0.001877,2.036173,0.3037,7.639456e-01,0.7573,NO
WholeBrain,entropy__sample_entropy,amp__beta_relative_13_30,0_to_3,0.002273,8.512234e-01,0.004165,2.175751,0.6783,5.040865e-01,0.7488,NO
WholeBrain,entropy__sample_entropy,amp__beta_relative_13_30,2_to_3,0.009767,5.676400e-03,0.004745,1.345162,2.0408,5.241570e-02,0.5738,NO
WholeBrain,entropy__mse,amp__rms,0_to_2,-0.007494,5.414071e-01,-0.011429,-0.029568,-1.4560,1.583489e-01,0.7023,NO
WholeBrain,entropy__mse,amp__rms,0_to_3,0.002273,8.512234e-01,-0.010585,-0.027356,-1.4054,1.727044e-01,0.6810,NO
WholeBrain,entropy__mse,amp__rms,2_to_3,0.009767,5.676400e-03,0.003121,-0.025503,1.1198,2.738992e-01,0.5290,NO
WholeBrain,entropy__mse,amp__broadband_power_1_45,0_to_2,-0.007494,5.414071e-01,-0.011120,-0.000345,-1.0241,3.159894e-01,0.4769,NO
WholeBrain,entropy__mse,amp__broadband_power_1_45,0_to_3,0.002273,8.512234e-01,-0.006884,-0.000273,-0.6215,5.401128e-01,0.3977,NO
WholeBrain,entropy__mse,amp__broadband_power_1_45,2_to_3,0.009767,5.676400e-03,0.009287,-0.000174,2.8472,8.894644e-03,0.2238,YES
WholeBrain,entropy__mse,amp__theta_relative_4_8,0_to_2,-0.007494,5.414071e-01,-0.053733,1.458825,-2.7934,1.008165e-02,0.0585,YES
WholeBrain,entropy__mse,amp__theta_relative_4_8,0_to_3,0.002273,8.512234e-01,-0.036639,0.956810,-2.1946,3.810756e-02,0.0307,YES
WholeBrain,entropy__mse,amp__theta_relative_4_8,2_to_3,0.009767,5.676400e-03,0.009427,0.170933,2.4541,2.176117e-02,0.0044,YES
WholeBrain,entropy__mse,amp__alpha_relative_8_13,0_to_2,-0.007494,5.414071e-01,-0.039215,-0.068938,-2.3378,2.806526e-02,0.0037,YES
WholeBrain,entropy__mse,amp__alpha_relative_8_13,0_to_3,0.002273,8.512234e-01,-0.028195,-0.027540,-1.7578,9.152647e-02,0.0006,NO
WholeBrain,entropy__mse,amp__alpha_relative_8_13,2_to_3,0.009767,5.676400e-03,0.006230,1.479159,2.0140,5.534925e-02,0.3478,NO
WholeBrain,entropy__mse,amp__beta_relative_13_30,0_to_2,-0.007494,5.414071e-01,-0.026820,2.011023,-3.4601,2.033437e-03,0.6594,YES
WholeBrain,entropy__mse,amp__beta_relative_13_30,0_to_3,0.002273,8.512234e-01,-0.025152,2.119121,-3.3928,2.399823e-03,0.6598,YES
WholeBrain,entropy__mse,amp__beta_relative_13_30,2_to_3,0.009767,5.676400e-03,0.003964,1.370801,1.3634,1.853961e-01,0.4721,NO
