chromophore,region,measure,contrast,cond_A,cond_B,mean_contrast,sd_contrast,ci95_low,ci95_high,paired_dz,rank_biserial,t_stat,t_p_value,wilcoxon_p,significant_p05
HbO,Central,entropy__sample_entropy,0_to_2,0back,2back,0.002070,0.011543,-0.002592,0.006732,0.1793,0.1738,0.9143,3.692684e-01,4.524725e-01,NO
HbO,Central,entropy__sample_entropy,0_to_3,0back,3back,-0.003842,0.015623,-0.010152,0.002469,-0.2459,-0.2080,-1.2538,2.215110e-01,3.666093e-01,NO
HbO,Central,entropy__sample_entropy,2_to_3,2back,3back,-0.005911,0.013343,-0.011301,-0.000522,-0.4430,-0.4758,-2.2591,3.284824e-02,3.341016e-02,YES
HbO,Central,entropy__mse,0_to_2,0back,2back,0.002718,0.022130,-0.006221,0.011656,0.1228,0.1111,0.6262,5.368769e-01,6.348496e-01,NO
HbO,Central,entropy__mse,0_to_3,0back,3back,-0.007252,0.028590,-0.018800,0.004295,-0.2537,-0.2080,-1.2935,2.076745e-01,3.666093e-01,NO
HbO,Central,entropy__mse,2_to_3,2back,3back,-0.009970,0.023679,-0.019534,-0.000406,-0.4211,-0.4473,-2.1470,4.168433e-02,4.633117e-02,YES
HbO,Central,sensitivity__mse__scale1,0_to_2,0back,2back,0.002070,0.011543,-0.002592,0.006732,0.1793,0.1738,0.9143,3.692684e-01,4.524725e-01,NO
HbO,Central,sensitivity__mse__scale1,0_to_3,0back,3back,-0.003842,0.015623,-0.010152,0.002469,-0.2459,-0.2080,-1.2538,2.215110e-01,3.666093e-01,NO
HbO,Central,sensitivity__mse__scale1,2_to_3,2back,3back,-0.005911,0.013343,-0.011301,-0.000522,-0.4430,-0.4758,-2.2591,3.284824e-02,3.341016e-02,YES
HbO,Central,sensitivity__mse__scale2,0_to_2,0back,2back,0.001454,0.021220,-0.007117,0.010025,0.0685,0.0370,0.3494,7.297154e-01,8.809218e-01,NO
HbO,Central,sensitivity__mse__scale2,0_to_3,0back,3back,-0.008384,0.028325,-0.019825,0.003057,-0.2960,-0.3048,-1.5093,1.437672e-01,1.813544e-01,NO
HbO,Central,sensitivity__mse__scale2,2_to_3,2back,3back,-0.009838,0.023044,-0.019146,-0.000530,-0.4269,-0.4530,-2.1769,3.913691e-02,4.346645e-02,YES
HbO,Central,sensitivity__mse__scale3,0_to_2,0back,2back,0.002307,0.025388,-0.007947,0.012561,0.0909,0.0940,0.4634,6.470957e-01,6.893201e-01,NO
HbO,Central,sensitivity__mse__scale3,0_to_3,0back,3back,-0.008621,0.031574,-0.021374,0.004132,-0.2731,-0.2877,-1.3923,1.760931e-01,2.078540e-01,NO
HbO,Central,sensitivity__mse__scale3,2_to_3,2back,3back,-0.010928,0.025922,-0.021399,-0.000458,-0.4216,-0.4416,-2.1497,4.144849e-02,4.934686e-02,YES
HbO,Central,sensitivity__mse__scale4,0_to_2,0back,2back,0.005039,0.031425,-0.007654,0.017732,0.1604,0.1795,0.8177,4.212630e-01,4.374467e-01,NO
HbO,Central,sensitivity__mse__scale4,0_to_3,0back,3back,-0.008163,0.039500,-0.024118,0.007791,-0.2067,-0.1510,-1.0538,3.020692e-01,5.153008e-01,NO
HbO,Central,sensitivity__mse__scale4,2_to_3,2back,3back,-0.013203,0.033150,-0.026592,0.000187,-0.3983,-0.4017,-2.0308,5.304212e-02,7.514903e-02,NO
HbO,Frontal,entropy__sample_entropy,0_to_2,0back,2back,0.005254,0.012412,0.000241,0.010268,0.4233,0.4359,2.1584,4.069781e-02,5.251908e-02,YES
HbO,Frontal,entropy__sample_entropy,0_to_3,0back,3back,-0.003168,0.016508,-0.009835,0.003500,-0.1919,-0.1909,-0.9784,3.372451e-01,4.082431e-01,NO
HbO,Frontal,entropy__sample_entropy,2_to_3,2back,3back,-0.008422,0.011426,-0.013037,-0.003807,-0.7371,-0.7265,-3.7584,9.190416e-04,6.641448e-04,YES
HbO,Frontal,entropy__mse,0_to_2,0back,2back,0.007501,0.022498,-0.001586,0.016588,0.3334,0.3333,1.7000,1.015378e-01,1.427159e-01,NO
HbO,Frontal,entropy__mse,0_to_3,0back,3back,-0.006561,0.029265,-0.018382,0.005259,-0.2242,-0.2308,-1.1432,2.637862e-01,3.152514e-01,NO
HbO,Frontal,entropy__mse,2_to_3,2back,3back,-0.014062,0.020920,-0.022512,-0.005612,-0.6722,-0.6638,-3.4274,2.117078e-03,2.181530e-03,YES
HbO,Frontal,sensitivity__mse__scale1,0_to_2,0back,2back,0.005254,0.012412,0.000241,0.010268,0.4233,0.4359,2.1584,4.069781e-02,5.251908e-02,YES
HbO,Frontal,sensitivity__mse__scale1,0_to_3,0back,3back,-0.003168,0.016508,-0.009835,0.003500,-0.1919,-0.1909,-0.9784,3.372451e-01,4.082431e-01,NO
HbO,Frontal,sensitivity__mse__scale1,2_to_3,2back,3back,-0.008422,0.011426,-0.013037,-0.003807,-0.7371,-0.7265,-3.7584,9.190416e-04,6.641448e-04,YES
HbO,Frontal,sensitivity__mse__scale2,0_to_2,0back,2back,0.007078,0.021715,-0.001692,0.015849,0.3260,0.3276,1.6621,1.089782e-01,1.499090e-01,NO
HbO,Frontal,sensitivity__mse__scale2,0_to_3,0back,3back,-0.007723,0.028139,-0.019089,0.003642,-0.2745,-0.2650,-1.3995,1.739415e-01,2.472376e-01,NO
HbO,Frontal,sensitivity__mse__scale2,2_to_3,2back,3back,-0.014802,0.020294,-0.022999,-0.006605,-0.7294,-0.6980,-3.7190,1.015772e-03,1.165122e-03,YES
HbO,Frontal,sensitivity__mse__scale3,0_to_2,0back,2back,0.008193,0.025021,-0.001914,0.018299,0.3274,0.3447,1.6695,1.074848e-01,1.291008e-01,NO
HbO,Frontal,sensitivity__mse__scale3,0_to_3,0back,3back,-0.007579,0.032349,-0.020645,0.005487,-0.2343,-0.2365,-1.1947,2.434140e-01,3.031630e-01,NO
HbO,Frontal,sensitivity__mse__scale3,2_to_3,2back,3back,-0.015772,0.023653,-0.025326,-0.006218,-0.6668,-0.6695,-3.4001,2.266182e-03,1.971602e-03,YES
HbO,Frontal,sensitivity__mse__scale4,0_to_2,0back,2back,0.009478,0.031731,-0.003339,0.022294,0.2987,0.3162,1.5230,1.403007e-01,1.650889e-01,NO
HbO,Frontal,sensitivity__mse__scale4,0_to_3,0back,3back,-0.007775,0.040705,-0.024216,0.008667,-0.1910,-0.1738,-0.9739,3.394329e-01,4.524725e-01,NO
HbO,Frontal,sensitivity__mse__scale4,2_to_3,2back,3back,-0.017252,0.028848,-0.028904,-0.005600,-0.5980,-0.5954,-3.0494,5.360117e-03,6.689191e-03,YES
HbO,Occipital,entropy__sample_entropy,0_to_2,0back,2back,0.004574,0.015536,-0.001701,0.010849,0.2944,0.4587,1.5014,1.457781e-01,4.074723e-02,NO
HbO,Occipital,entropy__sample_entropy,0_to_3,0back,3back,-0.000564,0.021010,-0.009050,0.007922,-0.0268,0.0883,-0.1368,8.922623e-01,7.078457e-01,NO
HbO,Occipital,entropy__sample_entropy,2_to_3,2back,3back,-0.005138,0.013762,-0.010697,0.000421,-0.3734,-0.4758,-1.9037,6.851849e-02,3.341016e-02,NO
HbO,Occipital,entropy__mse,0_to_2,0back,2back,0.007504,0.027232,-0.003495,0.018503,0.2756,0.4359,1.4051,1.722967e-01,5.251908e-02,NO
HbO,Occipital,entropy__mse,0_to_3,0back,3back,-0.000923,0.035403,-0.015223,0.013376,-0.0261,0.1225,-0.1330,8.952668e-01,5.995474e-01,NO
HbO,Occipital,entropy__mse,2_to_3,2back,3back,-0.008427,0.021795,-0.017230,0.000376,-0.3867,-0.5043,-1.9716,5.981393e-02,2.361092e-02,NO
HbO,Occipital,sensitivity__mse__scale1,0_to_2,0back,2back,0.004574,0.015536,-0.001701,0.010849,0.2944,0.4587,1.5014,1.457781e-01,4.074723e-02,NO
HbO,Occipital,sensitivity__mse__scale1,0_to_3,0back,3back,-0.000564,0.021010,-0.009050,0.007922,-0.0268,0.0883,-0.1368,8.922623e-01,7.078457e-01,NO
HbO,Occipital,sensitivity__mse__scale1,2_to_3,2back,3back,-0.005138,0.013762,-0.010697,0.000421,-0.3734,-0.4758,-1.9037,6.851849e-02,3.341016e-02,NO
HbO,Occipital,sensitivity__mse__scale2,0_to_2,0back,2back,0.006661,0.028114,-0.004694,0.018017,0.2369,0.4359,1.2082,2.382835e-01,5.251908e-02,NO
HbO,Occipital,sensitivity__mse__scale2,0_to_3,0back,3back,-0.002363,0.036548,-0.017125,0.012399,-0.0647,0.0541,-0.3297,7.443917e-01,8.221841e-01,NO
HbO,Occipital,sensitivity__mse__scale2,2_to_3,2back,3back,-0.009024,0.021971,-0.017899,-0.000150,-0.4107,-0.4644,-2.0944,4.652419e-02,3.816831e-02,YES
HbO,Occipital,sensitivity__mse__scale3,0_to_2,0back,2back,0.009008,0.030378,-0.003262,0.021278,0.2965,0.4701,1.5120,1.430634e-01,3.572437e-02,NO
HbO,Occipital,sensitivity__mse__scale3,0_to_3,0back,3back,-0.001064,0.038906,-0.016779,0.014650,-0.0274,0.1168,-0.1395,8.901836e-01,6.170916e-01,NO
HbO,Occipital,sensitivity__mse__scale3,2_to_3,2back,3back,-0.010072,0.024313,-0.019893,-0.000252,-0.4143,-0.5100,-2.1124,4.481262e-02,2.197167e-02,YES
HbO,Occipital,sensitivity__mse__scale4,0_to_2,0back,2back,0.009772,0.036496,-0.004969,0.024513,0.2678,0.4017,1.3653,1.843238e-01,7.514903e-02,NO
HbO,Occipital,sensitivity__mse__scale4,0_to_3,0back,3back,0.000298,0.046184,-0.018357,0.018952,0.0064,0.1624,0.0329,9.740458e-01,4.833516e-01,NO
HbO,Occipital,sensitivity__mse__scale4,2_to_3,2back,3back,-0.009474,0.028622,-0.021035,0.002087,-0.3310,-0.5043,-1.6878,1.038820e-01,2.361092e-02,NO
HbO,Parietal,entropy__sample_entropy,0_to_2,0back,2back,0.004355,0.014835,-0.001638,0.010347,0.2935,0.5100,1.4967,1.469956e-01,2.197167e-02,NO
HbO,Parietal,entropy__sample_entropy,0_to_3,0back,3back,-0.001190,0.020909,-0.009636,0.007255,-0.0569,0.2194,-0.2903,7.739673e-01,3.403313e-01,NO
HbO,Parietal,entropy__sample_entropy,2_to_3,2back,3back,-0.005545,0.011613,-0.010236,-0.000854,-0.4775,-0.5157,-2.4346,2.238209e-02,2.042863e-02,YES
HbO,Parietal,entropy__mse,0_to_2,0back,2back,0.009066,0.027888,-0.002199,0.020330,0.3251,0.5670,1.6575,1.099078e-01,1.018503e-02,NO
HbO,Parietal,entropy__mse,0_to_3,0back,3back,-0.001432,0.038525,-0.016992,0.014128,-0.0372,0.2479,-0.1895,8.512002e-01,2.798910e-01,NO
HbO,Parietal,entropy__mse,2_to_3,2back,3back,-0.010498,0.020263,-0.018682,-0.002313,-0.5181,-0.5670,-2.6417,1.402181e-02,1.018503e-02,YES
HbO,Parietal,sensitivity__mse__scale1,0_to_2,0back,2back,0.004355,0.014835,-0.001638,0.010347,0.2935,0.5100,1.4967,1.469956e-01,2.197167e-02,NO
HbO,Parietal,sensitivity__mse__scale1,0_to_3,0back,3back,-0.001190,0.020909,-0.009636,0.007255,-0.0569,0.2194,-0.2903,7.739673e-01,3.403313e-01,NO
HbO,Parietal,sensitivity__mse__scale1,2_to_3,2back,3back,-0.005545,0.011613,-0.010236,-0.000854,-0.4775,-0.5157,-2.4346,2.238209e-02,2.042863e-02,YES
HbO,Parietal,sensitivity__mse__scale2,0_to_2,0back,2back,0.007670,0.027754,-0.003540,0.018880,0.2764,0.4929,1.4092,1.711014e-01,2.719581e-02,NO
HbO,Parietal,sensitivity__mse__scale2,0_to_3,0back,3back,-0.002661,0.038527,-0.018222,0.012900,-0.0691,0.1909,-0.3522,7.276466e-01,4.082431e-01,NO
HbO,Parietal,sensitivity__mse__scale2,2_to_3,2back,3back,-0.010331,0.019813,-0.018334,-0.002329,-0.5214,-0.6239,-2.6589,1.347893e-02,4.279137e-03,YES
HbO,Parietal,sensitivity__mse__scale3,0_to_2,0back,2back,0.009709,0.031825,-0.003146,0.022563,0.3051,0.5385,1.5555,1.323910e-01,1.513213e-02,NO
HbO,Parietal,sensitivity__mse__scale3,0_to_3,0back,3back,-0.001335,0.042932,-0.018676,0.016006,-0.0311,0.2764,-0.1585,8.753122e-01,2.269585e-01,NO
HbO,Parietal,sensitivity__mse__scale3,2_to_3,2back,3back,-0.011043,0.023254,-0.020436,-0.001651,-0.4749,-0.5726,-2.4215,2.304286e-02,9.382546e-03,YES
HbO,Parietal,sensitivity__mse__scale4,0_to_2,0back,2back,0.014529,0.038576,-0.001052,0.030110,0.3766,0.6410,1.9205,6.627282e-02,3.229141e-03,NO
HbO,Parietal,sensitivity__mse__scale4,0_to_3,0back,3back,-0.000542,0.052996,-0.021947,0.020864,-0.0102,0.2764,-0.0521,9.588414e-01,2.269585e-01,NO
HbO,Parietal,sensitivity__mse__scale4,2_to_3,2back,3back,-0.015071,0.028625,-0.026633,-0.003509,-0.5265,-0.5726,-2.6846,1.270277e-02,9.382546e-03,YES
HbO,WholeBrain,entropy__sample_entropy,0_to_2,0back,2back,0.004156,0.010422,-0.000053,0.008366,0.3988,0.4872,2.0335,5.274284e-02,2.915090e-02,NO
HbO,WholeBrain,entropy__sample_entropy,0_to_3,0back,3back,-0.002701,0.015254,-0.008862,0.003460,-0.1771,-0.1225,-0.9029,3.751854e-01,5.995474e-01,NO
HbO,WholeBrain,entropy__sample_entropy,2_to_3,2back,3back,-0.006857,0.010451,-0.011079,-0.002636,-0.6562,-0.6752,-3.3458,2.594057e-03,1.779556e-03,YES
HbO,WholeBrain,entropy__mse,0_to_2,0back,2back,0.006347,0.018712,-0.001212,0.013905,0.3392,0.4359,1.7294,9.606843e-02,5.251908e-02,NO
HbO,WholeBrain,entropy__mse,0_to_3,0back,3back,-0.005244,0.027351,-0.016291,0.005804,-0.1917,-0.1852,-0.9776,3.376475e-01,4.227022e-01,NO
HbO,WholeBrain,entropy__mse,2_to_3,2back,3back,-0.011590,0.018578,-0.019094,-0.004086,-0.6239,-0.6410,-3.1810,3.892634e-03,3.229141e-03,YES
HbO,WholeBrain,sensitivity__mse__scale1,0_to_2,0back,2back,0.004156,0.010422,-0.000053,0.008366,0.3988,0.4872,2.0335,5.274284e-02,2.915090e-02,NO
HbO,WholeBrain,sensitivity__mse__scale1,0_to_3,0back,3back,-0.002701,0.015254,-0.008862,0.003460,-0.1771,-0.1225,-0.9029,3.751854e-01,5.995474e-01,NO
HbO,WholeBrain,sensitivity__mse__scale1,2_to_3,2back,3back,-0.006857,0.010451,-0.011079,-0.002636,-0.6562,-0.6752,-3.3458,2.594057e-03,1.779556e-03,YES
HbO,WholeBrain,sensitivity__mse__scale2,0_to_2,0back,2back,0.005512,0.018492,-0.001957,0.012981,0.2981,0.3960,1.5200,1.410542e-01,7.957256e-02,NO
HbO,WholeBrain,sensitivity__mse__scale2,0_to_3,0back,3back,-0.006451,0.027120,-0.017405,0.004503,-0.2379,-0.2194,-1.2129,2.365134e-01,3.403313e-01,NO
HbO,WholeBrain,sensitivity__mse__scale2,2_to_3,2back,3back,-0.011963,0.018258,-0.019338,-0.004589,-0.6552,-0.6581,-3.3411,2.624153e-03,2.410769e-03,YES
HbO,WholeBrain,sensitivity__mse__scale3,0_to_2,0back,2back,0.006862,0.020951,-0.001600,0.015324,0.3275,0.4131,1.6701,1.073713e-01,6.688321e-02,NO
HbO,WholeBrain,sensitivity__mse__scale3,0_to_3,0back,3back,-0.006089,0.030370,-0.018356,0.006178,-0.2005,-0.2023,-1.0223,3.164188e-01,3.801938e-01,NO
HbO,WholeBrain,sensitivity__mse__scale3,2_to_3,2back,3back,-0.012951,0.020950,-0.021413,-0.004489,-0.6182,-0.6410,-3.1522,4.176857e-03,3.229141e-03,YES
HbO,WholeBrain,sensitivity__mse__scale4,0_to_2,0back,2back,0.008855,0.025698,-0.001524,0.019235,0.3446,0.4245,1.7571,9.114991e-02,5.935487e-02,NO
HbO,WholeBrain,sensitivity__mse__scale4,0_to_3,0back,3back,-0.005734,0.037077,-0.020709,0.009242,-0.1546,-0.1282,-0.7885,4.378143e-01,5.822250e-01,NO
HbO,WholeBrain,sensitivity__mse__scale4,2_to_3,2back,3back,-0.014589,0.025132,-0.024740,-0.004438,-0.5805,-0.6182,-2.9599,6.646691e-03,4.689366e-03,YES
HbR,Central,entropy__sample_entropy,0_to_2,0back,2back,-0.005619,0.011906,-0.010428,-0.000810,-0.4719,-0.4758,-2.4064,2.382759e-02,3.341016e-02,YES
HbR,Central,entropy__sample_entropy,0_to_3,0back,3back,-0.002405,0.010522,-0.006655,0.001845,-0.2286,-0.2991,-1.1655,2.548090e-01,1.899041e-01,NO
HbR,Central,entropy__sample_entropy,2_to_3,2back,3back,0.003214,0.008934,-0.000395,0.006822,0.3597,0.4017,1.8343,7.853915e-02,7.514903e-02,NO
HbR,Central,entropy__mse,0_to_2,0back,2back,-0.010195,0.020643,-0.018533,-0.001857,-0.4939,-0.5214,-2.5182,1.856583e-02,1.897734e-02,YES
HbR,Central,entropy__mse,0_to_3,0back,3back,-0.004234,0.016873,-0.011049,0.002581,-0.2509,-0.3048,-1.2795,2.124738e-01,1.813544e-01,NO
HbR,Central,entropy__mse,2_to_3,2back,3back,0.005961,0.014593,0.000067,0.011855,0.4085,0.4245,2.0828,4.765094e-02,5.935487e-02,YES
HbR,Central,sensitivity__mse__scale1,0_to_2,0back,2back,-0.005619,0.011906,-0.010428,-0.000810,-0.4719,-0.4758,-2.4064,2.382759e-02,3.341016e-02,YES
HbR,Central,sensitivity__mse__scale1,0_to_3,0back,3back,-0.002405,0.010522,-0.006655,0.001845,-0.2286,-0.2991,-1.1655,2.548090e-01,1.899041e-01,NO
HbR,Central,sensitivity__mse__scale1,2_to_3,2back,3back,0.003214,0.008934,-0.000395,0.006822,0.3597,0.4017,1.8343,7.853915e-02,7.514903e-02,NO
HbR,Central,sensitivity__mse__scale2,0_to_2,0back,2back,-0.010324,0.019336,-0.018134,-0.002514,-0.5339,-0.5670,-2.7225,1.163650e-02,1.018503e-02,YES
HbR,Central,sensitivity__mse__scale2,0_to_3,0back,3back,-0.004428,0.016566,-0.011119,0.002264,-0.2673,-0.3105,-1.3628,1.850942e-01,1.730840e-01,NO
HbR,Central,sensitivity__mse__scale2,2_to_3,2back,3back,0.005896,0.014181,0.000169,0.011624,0.4158,0.4416,2.1201,4.409620e-02,4.934686e-02,YES
HbR,Central,sensitivity__mse__scale3,0_to_2,0back,2back,-0.010872,0.022748,-0.020060,-0.001684,-0.4780,-0.5100,-2.4371,2.225940e-02,2.197167e-02,YES
HbR,Central,sensitivity__mse__scale3,0_to_3,0back,3back,-0.004202,0.018200,-0.011553,0.003149,-0.2309,-0.2934,-1.1773,2.501687e-01,1.987362e-01,NO
HbR,Central,sensitivity__mse__scale3,2_to_3,2back,3back,0.006670,0.016355,0.000064,0.013276,0.4078,0.4302,2.0796,4.797214e-02,5.585322e-02,YES
HbR,Central,sensitivity__mse__scale4,0_to_2,0back,2back,-0.013965,0.029510,-0.025884,-0.002046,-0.4732,-0.4644,-2.4130,2.348003e-02,3.816831e-02,YES
HbR,Central,sensitivity__mse__scale4,0_to_3,0back,3back,-0.005901,0.022837,-0.015125,0.003323,-0.2584,-0.3276,-1.3177,1.995627e-01,1.499090e-01,NO
HbR,Central,sensitivity__mse__scale4,2_to_3,2back,3back,0.008064,0.020154,-0.000077,0.016204,0.4001,0.4188,2.0401,5.204005e-02,6.302971e-02,NO
HbR,Frontal,entropy__sample_entropy,0_to_2,0back,2back,-0.003524,0.009412,-0.007325,0.000278,-0.3744,-0.3960,-1.9091,6.778743e-02,7.957256e-02,NO
HbR,Frontal,entropy__sample_entropy,0_to_3,0back,3back,-0.005989,0.006814,-0.008741,-0.003237,-0.8789,-0.8006,-4.4817,1.428193e-04,1.258850e-04,YES
HbR,Frontal,entropy__sample_entropy,2_to_3,2back,3back,-0.002465,0.008856,-0.006042,0.001112,-0.2783,-0.3162,-1.4193,1.681725e-01,1.650889e-01,NO
HbR,Frontal,entropy__mse,0_to_2,0back,2back,-0.007634,0.019255,-0.015411,0.000144,-0.3964,-0.3960,-2.0215,5.405586e-02,7.957256e-02,NO
HbR,Frontal,entropy__mse,0_to_3,0back,3back,-0.012213,0.013769,-0.017774,-0.006651,-0.8870,-0.8120,-4.5227,1.283988e-04,9.450316e-05,YES
HbR,Frontal,entropy__mse,2_to_3,2back,3back,-0.004579,0.015968,-0.011029,0.001870,-0.2868,-0.3105,-1.4622,1.561356e-01,1.730840e-01,NO
HbR,Frontal,sensitivity__mse__scale1,0_to_2,0back,2back,-0.003524,0.009412,-0.007325,0.000278,-0.3744,-0.3960,-1.9091,6.778743e-02,7.957256e-02,NO
HbR,Frontal,sensitivity__mse__scale1,0_to_3,0back,3back,-0.005989,0.006814,-0.008741,-0.003237,-0.8789,-0.8006,-4.4817,1.428193e-04,1.258850e-04,YES
HbR,Frontal,sensitivity__mse__scale1,2_to_3,2back,3back,-0.002465,0.008856,-0.006042,0.001112,-0.2783,-0.3162,-1.4193,1.681725e-01,1.650889e-01,NO
HbR,Frontal,sensitivity__mse__scale2,0_to_2,0back,2back,-0.007740,0.019017,-0.015421,-0.000059,-0.4070,-0.3960,-2.0754,4.838558e-02,7.957256e-02,YES
HbR,Frontal,sensitivity__mse__scale2,0_to_3,0back,3back,-0.012563,0.013795,-0.018135,-0.006991,-0.9107,-0.8291,-4.6437,9.382952e-05,6.031990e-05,YES
HbR,Frontal,sensitivity__mse__scale2,2_to_3,2back,3back,-0.004823,0.015924,-0.011255,0.001609,-0.3029,-0.3105,-1.5444,1.350670e-01,1.730840e-01,NO
HbR,Frontal,sensitivity__mse__scale3,0_to_2,0back,2back,-0.009430,0.022251,-0.018418,-0.000443,-0.4238,-0.4245,-2.1610,4.046993e-02,5.935487e-02,YES
HbR,Frontal,sensitivity__mse__scale3,0_to_3,0back,3back,-0.014425,0.016307,-0.021012,-0.007839,-0.8846,-0.8120,-4.5106,1.324970e-04,9.450316e-05,YES
HbR,Frontal,sensitivity__mse__scale3,2_to_3,2back,3back,-0.004995,0.018300,-0.012386,0.002397,-0.2729,-0.2934,-1.3917,1.762760e-01,1.987362e-01,NO
HbR,Frontal,sensitivity__mse__scale4,0_to_2,0back,2back,-0.009841,0.026638,-0.020600,0.000919,-0.3694,-0.3903,-1.8837,7.129170e-02,8.419731e-02,NO
HbR,Frontal,sensitivity__mse__scale4,0_to_3,0back,3back,-0.015874,0.018641,-0.023403,-0.008345,-0.8516,-0.7892,-4.3422,2.049780e-04,1.661777e-04,YES
HbR,Frontal,sensitivity__mse__scale4,2_to_3,2back,3back,-0.006033,0.021215,-0.014602,0.002535,-0.2844,-0.2991,-1.4501,1.594499e-01,1.899041e-01,NO
HbR,Occipital,entropy__sample_entropy,0_to_2,0back,2back,-0.005595,0.017336,-0.012597,0.001407,-0.3228,-0.3390,-1.6457,1.123391e-01,1.357813e-01,NO
HbR,Occipital,entropy__sample_entropy,0_to_3,0back,3back,-0.005811,0.015613,-0.012117,0.000495,-0.3722,-0.3675,-1.8978,6.933491e-02,1.048203e-01,NO
HbR,Occipital,entropy__sample_entropy,2_to_3,2back,3back,-0.000216,0.012904,-0.005428,0.004996,-0.0167,0.0256,-0.0853,9.327325e-01,9.204554e-01,NO
HbR,Occipital,entropy__mse,0_to_2,0back,2back,-0.008041,0.025817,-0.018469,0.002386,-0.3115,-0.3219,-1.5882,1.248076e-01,1.573652e-01,NO
HbR,Occipital,entropy__mse,0_to_3,0back,3back,-0.008918,0.024842,-0.018952,0.001116,-0.3590,-0.3333,-1.8306,7.911312e-02,1.427159e-01,NO
HbR,Occipital,entropy__mse,2_to_3,2back,3back,-0.000877,0.021525,-0.009571,0.007817,-0.0407,0.0256,-0.2078,8.370957e-01,9.204554e-01,NO
HbR,Occipital,sensitivity__mse__scale1,0_to_2,0back,2back,-0.005595,0.017336,-0.012597,0.001407,-0.3228,-0.3390,-1.6457,1.123391e-01,1.357813e-01,NO
HbR,Occipital,sensitivity__mse__scale1,0_to_3,0back,3back,-0.005811,0.015613,-0.012117,0.000495,-0.3722,-0.3675,-1.8978,6.933491e-02,1.048203e-01,NO
HbR,Occipital,sensitivity__mse__scale1,2_to_3,2back,3back,-0.000216,0.012904,-0.005428,0.004996,-0.0167,0.0256,-0.0853,9.327325e-01,9.204554e-01,NO
HbR,Occipital,sensitivity__mse__scale2,0_to_2,0back,2back,-0.009029,0.025464,-0.019314,0.001256,-0.3546,-0.4074,-1.8080,8.265588e-02,7.092106e-02,NO
HbR,Occipital,sensitivity__mse__scale2,0_to_3,0back,3back,-0.010254,0.024069,-0.019976,-0.000533,-0.4260,-0.4758,-2.1724,3.951265e-02,3.341016e-02,YES
HbR,Occipital,sensitivity__mse__scale2,2_to_3,2back,3back,-0.001225,0.021288,-0.009824,0.007373,-0.0576,0.0028,-0.2935,7.715403e-01,1.000000e+00,NO
HbR,Occipital,sensitivity__mse__scale3,0_to_2,0back,2back,-0.008487,0.029695,-0.020481,0.003507,-0.2858,-0.2877,-1.4574,1.574630e-01,2.078540e-01,NO
HbR,Occipital,sensitivity__mse__scale3,0_to_3,0back,3back,-0.010138,0.028210,-0.021532,0.001256,-0.3594,-0.3675,-1.8324,7.882661e-02,1.048203e-01,NO
HbR,Occipital,sensitivity__mse__scale3,2_to_3,2back,3back,-0.001651,0.024642,-0.011603,0.008302,-0.0670,-0.0085,-0.3415,7.355488e-01,9.800839e-01,NO
HbR,Occipital,sensitivity__mse__scale4,0_to_2,0back,2back,-0.009054,0.033076,-0.022414,0.004305,-0.2737,-0.3048,-1.3958,1.750378e-01,1.813544e-01,NO
HbR,Occipital,sensitivity__mse__scale4,0_to_3,0back,3back,-0.009471,0.033321,-0.022930,0.003988,-0.2842,-0.1966,-1.4493,1.596807e-01,3.940727e-01,NO
HbR,Occipital,sensitivity__mse__scale4,2_to_3,2back,3back,-0.000416,0.029258,-0.012234,0.011401,-0.0142,-0.0370,-0.0726,9.427135e-01,8.809218e-01,NO
HbR,Parietal,entropy__sample_entropy,0_to_2,0back,2back,-0.004239,0.013828,-0.009825,0.001346,-0.3066,-0.3447,-1.5633,1.305629e-01,1.291008e-01,NO
HbR,Parietal,entropy__sample_entropy,0_to_3,0back,3back,-0.005482,0.017922,-0.012721,0.001756,-0.3059,-0.2764,-1.5598,1.313797e-01,2.269585e-01,NO
HbR,Parietal,entropy__sample_entropy,2_to_3,2back,3back,-0.001243,0.012801,-0.006413,0.003928,-0.0971,-0.0826,-0.4951,6.248761e-01,7.265400e-01,NO
HbR,Parietal,entropy__mse,0_to_2,0back,2back,-0.007347,0.025166,-0.017512,0.002818,-0.2919,-0.3219,-1.4885,1.491163e-01,1.573652e-01,NO
HbR,Parietal,entropy__mse,0_to_3,0back,3back,-0.006834,0.028898,-0.018506,0.004838,-0.2365,-0.2422,-1.2059,2.391536e-01,2.913763e-01,NO
HbR,Parietal,entropy__mse,2_to_3,2back,3back,0.000512,0.018829,-0.007093,0.008118,0.0272,-0.0028,0.1388,8.907370e-01,1.000000e+00,NO
HbR,Parietal,sensitivity__mse__scale1,0_to_2,0back,2back,-0.004239,0.013828,-0.009825,0.001346,-0.3066,-0.3447,-1.5633,1.305629e-01,1.291008e-01,NO
HbR,Parietal,sensitivity__mse__scale1,0_to_3,0back,3back,-0.005482,0.017922,-0.012721,0.001756,-0.3059,-0.2764,-1.5598,1.313797e-01,2.269585e-01,NO
HbR,Parietal,sensitivity__mse__scale1,2_to_3,2back,3back,-0.001243,0.012801,-0.006413,0.003928,-0.0971,-0.0826,-0.4951,6.248761e-01,7.265400e-01,NO
HbR,Parietal,sensitivity__mse__scale2,0_to_2,0back,2back,-0.007562,0.022786,-0.016766,0.001641,-0.3319,-0.3447,-1.6922,1.030283e-01,1.291008e-01,NO
HbR,Parietal,sensitivity__mse__scale2,0_to_3,0back,3back,-0.007209,0.026395,-0.017871,0.003452,-0.2731,-0.2707,-1.3927,1.759668e-01,2.369501e-01,NO
HbR,Parietal,sensitivity__mse__scale2,2_to_3,2back,3back,0.000353,0.018019,-0.006925,0.007631,0.0196,-0.0256,0.0998,9.212780e-01,9.204554e-01,NO
HbR,Parietal,sensitivity__mse__scale3,0_to_2,0back,2back,-0.007980,0.030193,-0.020175,0.004215,-0.2643,-0.2991,-1.3476,1.898702e-01,1.899041e-01,NO
HbR,Parietal,sensitivity__mse__scale3,0_to_3,0back,3back,-0.007253,0.032810,-0.020505,0.006000,-0.2210,-0.2023,-1.1271,2.703922e-01,3.801938e-01,NO
HbR,Parietal,sensitivity__mse__scale3,2_to_3,2back,3back,0.000727,0.022093,-0.008196,0.009650,0.0329,0.0199,0.1678,8.681092e-01,9.402996e-01,NO
HbR,Parietal,sensitivity__mse__scale4,0_to_2,0back,2back,-0.009606,0.035428,-0.023915,0.004704,-0.2711,-0.3048,-1.3825,1.790514e-01,1.813544e-01,NO
HbR,Parietal,sensitivity__mse__scale4,0_to_3,0back,3back,-0.007393,0.040059,-0.023573,0.008788,-0.1845,-0.1738,-0.9410,3.557237e-01,4.524725e-01,NO
HbR,Parietal,sensitivity__mse__scale4,2_to_3,2back,3back,0.002213,0.025222,-0.007974,0.012400,0.0877,0.0655,0.4474,6.584381e-01,7.835338e-01,NO
HbR,WholeBrain,entropy__sample_entropy,0_to_2,0back,2back,-0.004531,0.009509,-0.008371,-0.000690,-0.4765,-0.5328,-2.4295,2.263943e-02,1.633316e-02,YES
HbR,WholeBrain,entropy__sample_entropy,0_to_3,0back,3back,-0.004907,0.007182,-0.007808,-0.002007,-0.6833,-0.6866,-3.4841,1.837178e-03,1.443923e-03,YES
HbR,WholeBrain,entropy__sample_entropy,2_to_3,2back,3back,-0.000377,0.007527,-0.003417,0.002663,-0.0501,0.0028,-0.2553,8.005848e-01,1.000000e+00,NO
HbR,WholeBrain,entropy__mse,0_to_2,0back,2back,-0.008381,0.016623,-0.015095,-0.001667,-0.5042,-0.5385,-2.5710,1.647963e-02,1.513213e-02,YES
HbR,WholeBrain,entropy__mse,0_to_3,0back,3back,-0.008850,0.012226,-0.013788,-0.003912,-0.7238,-0.6923,-3.6909,1.090891e-03,1.297981e-03,YES
HbR,WholeBrain,entropy__mse,2_to_3,2back,3back,-0.000469,0.012222,-0.005405,0.004468,-0.0383,-0.0142,-0.1955,8.466070e-01,9.601797e-01,NO
HbR,WholeBrain,sensitivity__mse__scale1,0_to_2,0back,2back,-0.004531,0.009509,-0.008371,-0.000690,-0.4765,-0.5328,-2.4295,2.263943e-02,1.633316e-02,YES
HbR,WholeBrain,sensitivity__mse__scale1,0_to_3,0back,3back,-0.004907,0.007182,-0.007808,-0.002007,-0.6833,-0.6866,-3.4841,1.837178e-03,1.443923e-03,YES
HbR,WholeBrain,sensitivity__mse__scale1,2_to_3,2back,3back,-0.000377,0.007527,-0.003417,0.002663,-0.0501,0.0028,-0.2553,8.005848e-01,1.000000e+00,NO
HbR,WholeBrain,sensitivity__mse__scale2,0_to_2,0back,2back,-0.008653,0.016145,-0.015174,-0.002132,-0.5359,-0.5613,-2.7328,1.136085e-02,1.104531e-02,YES
HbR,WholeBrain,sensitivity__mse__scale2,0_to_3,0back,3back,-0.009324,0.012267,-0.014279,-0.004369,-0.7600,-0.7379,-3.8755,6.817074e-04,5.246103e-04,YES
HbR,WholeBrain,sensitivity__mse__scale2,2_to_3,2back,3back,-0.000671,0.012371,-0.005667,0.004326,-0.0542,0.0142,-0.2764,7.844784e-01,9.601797e-01,NO
HbR,WholeBrain,sensitivity__mse__scale3,0_to_2,0back,2back,-0.009513,0.018706,-0.017068,-0.001957,-0.5085,-0.5499,-2.5931,1.567122e-02,1.295260e-02,YES
HbR,WholeBrain,sensitivity__mse__scale3,0_to_3,0back,3back,-0.010074,0.013917,-0.015695,-0.004453,-0.7239,-0.6809,-3.6911,1.090349e-03,1.604050e-03,YES
HbR,WholeBrain,sensitivity__mse__scale3,2_to_3,2back,3back,-0.000561,0.013464,-0.005999,0.004877,-0.0417,-0.0256,-0.2126,8.333579e-01,9.204554e-01,NO
HbR,WholeBrain,sensitivity__mse__scale4,0_to_2,0back,2back,-0.010829,0.022420,-0.019885,-0.001773,-0.4830,-0.5043,-2.4629,2.102011e-02,2.361092e-02,YES
HbR,WholeBrain,sensitivity__mse__scale4,0_to_3,0back,3back,-0.011094,0.015934,-0.017530,-0.004658,-0.6963,-0.6752,-3.5503,1.555958e-03,1.779556e-03,YES
HbR,WholeBrain,sensitivity__mse__scale4,2_to_3,2back,3back,-0.000265,0.015976,-0.006718,0.006188,-0.0166,-0.0028,-0.0846,9.332329e-01,1.000000e+00,NO
HbT,Central,entropy__sample_entropy,0_to_2,0back,2back,0.001657,0.012090,-0.003227,0.006540,0.1370,0.1396,0.6988,4.911580e-01,5.482757e-01,NO
HbT,Central,entropy__sample_entropy,0_to_3,0back,3back,-0.003100,0.017566,-0.010195,0.003995,-0.1765,-0.1168,-0.8998,3.767871e-01,6.170916e-01,NO
HbT,Central,entropy__sample_entropy,2_to_3,2back,3back,-0.004757,0.013210,-0.010092,0.000579,-0.3601,-0.4302,-1.8361,7.826720e-02,5.585322e-02,NO
HbT,Central,entropy__mse,0_to_2,0back,2back,0.003239,0.022666,-0.005916,0.012394,0.1429,0.1396,0.7286,4.730243e-01,5.482757e-01,NO
HbT,Central,entropy__mse,0_to_3,0back,3back,-0.005195,0.030931,-0.017689,0.007298,-0.1680,-0.1111,-0.8565,3.998661e-01,6.348496e-01,NO
HbT,Central,entropy__mse,2_to_3,2back,3back,-0.008434,0.023790,-0.018043,0.001175,-0.3545,-0.3618,-1.8078,8.269210e-02,1.105343e-01,NO
HbT,Central,sensitivity__mse__scale1,0_to_2,0back,2back,0.001657,0.012090,-0.003227,0.006540,0.1370,0.1396,0.6988,4.911580e-01,5.482757e-01,NO
HbT,Central,sensitivity__mse__scale1,0_to_3,0back,3back,-0.003100,0.017566,-0.010195,0.003995,-0.1765,-0.1168,-0.8998,3.767871e-01,6.170916e-01,NO
HbT,Central,sensitivity__mse__scale1,2_to_3,2back,3back,-0.004757,0.013210,-0.010092,0.000579,-0.3601,-0.4302,-1.8361,7.826720e-02,5.585322e-02,NO
HbT,Central,sensitivity__mse__scale2,0_to_2,0back,2back,0.001852,0.022234,-0.007128,0.010832,0.0833,0.0712,0.4248,6.746491e-01,7.643943e-01,NO
HbT,Central,sensitivity__mse__scale2,0_to_3,0back,3back,-0.006551,0.030879,-0.019023,0.005922,-0.2121,-0.1966,-1.0817,2.897052e-01,3.940727e-01,NO
HbT,Central,sensitivity__mse__scale2,2_to_3,2back,3back,-0.008403,0.023261,-0.017798,0.000993,-0.3612,-0.3846,-1.8419,7.737622e-02,8.902901e-02,NO
HbT,Central,sensitivity__mse__scale3,0_to_2,0back,2back,0.003283,0.025690,-0.007094,0.013659,0.1278,0.1567,0.6515,5.206576e-01,4.991950e-01,NO
HbT,Central,sensitivity__mse__scale3,0_to_3,0back,3back,-0.005891,0.033989,-0.019620,0.007837,-0.1733,-0.1111,-0.8838,3.852330e-01,6.348496e-01,NO
HbT,Central,sensitivity__mse__scale3,2_to_3,2back,3back,-0.009174,0.025805,-0.019596,0.001249,-0.3555,-0.3960,-1.8127,8.190367e-02,7.957256e-02,NO
HbT,Central,sensitivity__mse__scale4,0_to_2,0back,2back,0.006163,0.031714,-0.006646,0.018973,0.1943,0.1795,0.9909,3.312164e-01,4.374467e-01,NO
HbT,Central,sensitivity__mse__scale4,0_to_3,0back,3back,-0.005240,0.041930,-0.022176,0.011696,-0.1250,-0.0256,-0.6372,5.297570e-01,9.204554e-01,NO
HbT,Central,sensitivity__mse__scale4,2_to_3,2back,3back,-0.011403,0.033705,-0.025017,0.002210,-0.3383,-0.3732,-1.7252,9.684283e-02,9.933496e-02,NO
HbT,Frontal,entropy__sample_entropy,0_to_2,0back,2back,0.003903,0.012907,-0.001310,0.009117,0.3024,0.2991,1.5419,1.356534e-01,1.899041e-01,NO
HbT,Frontal,entropy__sample_entropy,0_to_3,0back,3back,-0.002536,0.015304,-0.008717,0.003646,-0.1657,-0.1396,-0.8449,4.062032e-01,5.482757e-01,NO
HbT,Frontal,entropy__sample_entropy,2_to_3,2back,3back,-0.006439,0.011976,-0.011276,-0.001602,-0.5376,-0.5783,-2.7415,1.113276e-02,8.634657e-03,YES
HbT,Frontal,entropy__mse,0_to_2,0back,2back,0.005420,0.022683,-0.003742,0.014582,0.2390,0.2137,1.2184,2.344287e-01,3.533212e-01,NO
HbT,Frontal,entropy__mse,0_to_3,0back,3back,-0.004915,0.026426,-0.015589,0.005758,-0.1860,-0.1852,-0.9484,3.519877e-01,4.227022e-01,NO
HbT,Frontal,entropy__mse,2_to_3,2back,3back,-0.010335,0.021359,-0.018963,-0.001708,-0.4839,-0.5499,-2.4673,2.081118e-02,1.295260e-02,YES
HbT,Frontal,sensitivity__mse__scale1,0_to_2,0back,2back,0.003903,0.012907,-0.001310,0.009117,0.3024,0.2991,1.5419,1.356534e-01,1.899041e-01,NO
HbT,Frontal,sensitivity__mse__scale1,0_to_3,0back,3back,-0.002536,0.015304,-0.008717,0.003646,-0.1657,-0.1396,-0.8449,4.062032e-01,5.482757e-01,NO
HbT,Frontal,sensitivity__mse__scale1,2_to_3,2back,3back,-0.006439,0.011976,-0.011276,-0.001602,-0.5376,-0.5783,-2.7415,1.113276e-02,8.634657e-03,YES
HbT,Frontal,sensitivity__mse__scale2,0_to_2,0back,2back,0.004951,0.021039,-0.003547,0.013449,0.2353,0.2137,1.2000,2.413928e-01,3.533212e-01,NO
HbT,Frontal,sensitivity__mse__scale2,0_to_3,0back,3back,-0.006286,0.025440,-0.016561,0.003990,-0.2471,-0.2308,-1.2598,2.193627e-01,3.152514e-01,NO
HbT,Frontal,sensitivity__mse__scale2,2_to_3,2back,3back,-0.011237,0.020686,-0.019592,-0.002882,-0.5432,-0.5840,-2.7698,1.042094e-02,7.938445e-03,YES
HbT,Frontal,sensitivity__mse__scale3,0_to_2,0back,2back,0.005742,0.025660,-0.004622,0.016107,0.2238,0.2023,1.1411,2.646269e-01,3.801938e-01,NO
HbT,Frontal,sensitivity__mse__scale3,0_to_3,0back,3back,-0.005703,0.029848,-0.017759,0.006353,-0.1911,-0.1909,-0.9743,3.392498e-01,4.082431e-01,NO
HbT,Frontal,sensitivity__mse__scale3,2_to_3,2back,3back,-0.011446,0.023913,-0.021105,-0.001787,-0.4786,-0.5271,-2.4406,2.209011e-02,1.761353e-02,YES
HbT,Frontal,sensitivity__mse__scale4,0_to_2,0back,2back,0.007084,0.032113,-0.005887,0.020054,0.2206,0.1795,1.1248,2.713736e-01,4.374467e-01,NO
HbT,Frontal,sensitivity__mse__scale4,0_to_3,0back,3back,-0.005137,0.035996,-0.019676,0.009402,-0.1427,-0.1225,-0.7277,4.735839e-01,5.995474e-01,NO
HbT,Frontal,sensitivity__mse__scale4,2_to_3,2back,3back,-0.012220,0.029477,-0.024126,-0.000315,-0.4146,-0.4701,-2.1139,4.466815e-02,3.572437e-02,YES
HbT,Occipital,entropy__sample_entropy,0_to_2,0back,2back,0.004228,0.015239,-0.001928,0.010383,0.2774,0.4473,1.4146,1.695305e-01,4.633117e-02,NO
HbT,Occipital,entropy__sample_entropy,0_to_3,0back,3back,0.000581,0.020778,-0.007811,0.008973,0.0280,0.2251,0.1426,8.877854e-01,3.276410e-01,NO
HbT,Occipital,entropy__sample_entropy,2_to_3,2back,3back,-0.003647,0.013422,-0.009068,0.001774,-0.2717,-0.3618,-1.3854,1.781650e-01,1.105343e-01,NO
HbT,Occipital,entropy__mse,0_to_2,0back,2back,0.008260,0.026954,-0.002627,0.019147,0.3064,0.4644,1.5626,1.307208e-01,3.816831e-02,NO
HbT,Occipital,entropy__mse,0_to_3,0back,3back,-0.000212,0.035288,-0.014465,0.014041,-0.0060,0.2251,-0.0307,9.757847e-01,3.276410e-01,NO
HbT,Occipital,entropy__mse,2_to_3,2back,3back,-0.008472,0.022589,-0.017596,0.000652,-0.3751,-0.4416,-1.9124,6.734391e-02,4.934686e-02,NO
HbT,Occipital,sensitivity__mse__scale1,0_to_2,0back,2back,0.004228,0.015239,-0.001928,0.010383,0.2774,0.4473,1.4146,1.695305e-01,4.633117e-02,NO
HbT,Occipital,sensitivity__mse__scale1,0_to_3,0back,3back,0.000581,0.020778,-0.007811,0.008973,0.0280,0.2251,0.1426,8.877854e-01,3.276410e-01,NO
HbT,Occipital,sensitivity__mse__scale1,2_to_3,2back,3back,-0.003647,0.013422,-0.009068,0.001774,-0.2717,-0.3618,-1.3854,1.781650e-01,1.105343e-01,NO
HbT,Occipital,sensitivity__mse__scale2,0_to_2,0back,2back,0.006731,0.026362,-0.003917,0.017379,0.2553,0.4359,1.3019,2.048028e-01,5.251908e-02,NO
HbT,Occipital,sensitivity__mse__scale2,0_to_3,0back,3back,-0.001131,0.035134,-0.015322,0.013060,-0.0322,0.1852,-0.1642,8.709109e-01,4.227022e-01,NO
HbT,Occipital,sensitivity__mse__scale2,2_to_3,2back,3back,-0.007862,0.021332,-0.016479,0.000754,-0.3686,-0.4473,-1.8793,7.190629e-02,4.633117e-02,NO
HbT,Occipital,sensitivity__mse__scale3,0_to_2,0back,2back,0.009245,0.030217,-0.002960,0.021450,0.3060,0.4587,1.5601,1.313144e-01,4.074723e-02,NO
HbT,Occipital,sensitivity__mse__scale3,0_to_3,0back,3back,-0.001267,0.039376,-0.017171,0.014637,-0.0322,0.2023,-0.1641,8.710104e-01,3.801938e-01,NO
HbT,Occipital,sensitivity__mse__scale3,2_to_3,2back,3back,-0.010512,0.025209,-0.020694,-0.000330,-0.4170,-0.4929,-2.1262,4.353690e-02,2.719581e-02,YES
HbT,Occipital,sensitivity__mse__scale4,0_to_2,0back,2back,0.012836,0.038021,-0.002521,0.028194,0.3376,0.4587,1.7215,9.751687e-02,4.074723e-02,NO
HbT,Occipital,sensitivity__mse__scale4,0_to_3,0back,3back,0.000968,0.046720,-0.017902,0.019839,0.0207,0.2593,0.1057,9.166647e-01,2.578226e-01,NO
HbT,Occipital,sensitivity__mse__scale4,2_to_3,2back,3back,-0.011868,0.032015,-0.024799,0.001063,-0.3707,-0.4530,-1.8902,7.037368e-02,4.346645e-02,NO
HbT,Parietal,entropy__sample_entropy,0_to_2,0back,2back,0.005475,0.016171,-0.001057,0.012007,0.3386,0.5897,1.7264,9.661623e-02,7.290900e-03,NO
HbT,Parietal,entropy__sample_entropy,0_to_3,0back,3back,0.000391,0.021247,-0.008191,0.008973,0.0184,0.3675,0.0938,9.259852e-01,1.048203e-01,NO
HbT,Parietal,entropy__sample_entropy,2_to_3,2back,3back,-0.005084,0.012518,-0.010140,-0.000028,-0.4061,-0.4302,-2.0709,4.883817e-02,5.585322e-02,YES
HbT,Parietal,entropy__mse,0_to_2,0back,2back,0.009937,0.030062,-0.002206,0.022079,0.3305,0.6068,1.6854,1.043545e-01,5.612880e-03,NO
HbT,Parietal,entropy__mse,0_to_3,0back,3back,0.000738,0.039654,-0.015279,0.016754,0.0186,0.3675,0.0949,9.251725e-01,1.048203e-01,NO
HbT,Parietal,entropy__mse,2_to_3,2back,3back,-0.009199,0.022321,-0.018215,-0.000183,-0.4121,-0.4587,-2.1013,4.585886e-02,4.074723e-02,YES
HbT,Parietal,sensitivity__mse__scale1,0_to_2,0back,2back,0.005475,0.016171,-0.001057,0.012007,0.3386,0.5897,1.7264,9.661623e-02,7.290900e-03,NO
HbT,Parietal,sensitivity__mse__scale1,0_to_3,0back,3back,0.000391,0.021247,-0.008191,0.008973,0.0184,0.3675,0.0938,9.259852e-01,1.048203e-01,NO
HbT,Parietal,sensitivity__mse__scale1,2_to_3,2back,3back,-0.005084,0.012518,-0.010140,-0.000028,-0.4061,-0.4302,-2.0709,4.883817e-02,5.585322e-02,YES
HbT,Parietal,sensitivity__mse__scale2,0_to_2,0back,2back,0.008543,0.029195,-0.003249,0.020335,0.2926,0.5271,1.4920,1.482028e-01,1.761353e-02,NO
HbT,Parietal,sensitivity__mse__scale2,0_to_3,0back,3back,0.000087,0.038685,-0.015538,0.015712,0.0022,0.3504,0.0114,9.909755e-01,1.226694e-01,NO
HbT,Parietal,sensitivity__mse__scale2,2_to_3,2back,3back,-0.008456,0.022135,-0.017396,0.000484,-0.3820,-0.4359,-1.9480,6.273212e-02,5.251908e-02,NO
HbT,Parietal,sensitivity__mse__scale3,0_to_2,0back,2back,0.010613,0.033595,-0.002957,0.024182,0.3159,0.5556,1.6108,1.197776e-01,1.196674e-02,NO
HbT,Parietal,sensitivity__mse__scale3,0_to_3,0back,3back,0.001227,0.044447,-0.016725,0.019180,0.0276,0.4131,0.1408,8.891510e-01,6.688321e-02,NO
HbT,Parietal,sensitivity__mse__scale3,2_to_3,2back,3back,-0.009386,0.024558,-0.019305,0.000534,-0.3822,-0.4359,-1.9487,6.263756e-02,5.251908e-02,NO
HbT,Parietal,sensitivity__mse__scale4,0_to_2,0back,2back,0.015115,0.042941,-0.002229,0.032460,0.3520,0.6011,1.7948,8.477981e-02,6.130725e-03,NO
HbT,Parietal,sensitivity__mse__scale4,0_to_3,0back,3back,0.001246,0.055814,-0.021298,0.023790,0.0223,0.2707,0.1138,9.102713e-01,2.369501e-01,NO
HbT,Parietal,sensitivity__mse__scale4,2_to_3,2back,3back,-0.013869,0.032134,-0.026848,-0.000890,-0.4316,-0.4644,-2.2008,3.720782e-02,3.816831e-02,YES
HbT,WholeBrain,entropy__sample_entropy,0_to_2,0back,2back,0.003508,0.011597,-0.001176,0.008192,0.3025,0.3903,1.5424,1.355431e-01,8.419731e-02,NO
HbT,WholeBrain,entropy__sample_entropy,0_to_3,0back,3back,-0.001848,0.015550,-0.008129,0.004433,-0.1188,0.0085,-0.6059,5.500348e-01,9.800839e-01,NO
HbT,WholeBrain,entropy__sample_entropy,2_to_3,2back,3back,-0.005356,0.010900,-0.009759,-0.000953,-0.4913,-0.5897,-2.5053,1.911292e-02,7.290900e-03,YES
HbT,WholeBrain,entropy__mse,0_to_2,0back,2back,0.005789,0.020202,-0.002370,0.013949,0.2866,0.3561,1.4612,1.564068e-01,1.164822e-01,NO
HbT,WholeBrain,entropy__mse,0_to_3,0back,3back,-0.003581,0.027325,-0.014618,0.007456,-0.1311,-0.0427,-0.6683,5.100835e-01,8.612560e-01,NO
HbT,WholeBrain,entropy__mse,2_to_3,2back,3back,-0.009370,0.019615,-0.017293,-0.001448,-0.4777,-0.5442,-2.4360,2.231698e-02,1.400650e-02,YES
HbT,WholeBrain,sensitivity__mse__scale1,0_to_2,0back,2back,0.003508,0.011597,-0.001176,0.008192,0.3025,0.3903,1.5424,1.355431e-01,8.419731e-02,NO
HbT,WholeBrain,sensitivity__mse__scale1,0_to_3,0back,3back,-0.001848,0.015550,-0.008129,0.004433,-0.1188,0.0085,-0.6059,5.500348e-01,9.800839e-01,NO
HbT,WholeBrain,sensitivity__mse__scale1,2_to_3,2back,3back,-0.005356,0.010900,-0.009759,-0.000953,-0.4913,-0.5897,-2.5053,1.911292e-02,7.290900e-03,YES
HbT,WholeBrain,sensitivity__mse__scale2,0_to_2,0back,2back,0.004786,0.019689,-0.003166,0.012738,0.2431,0.2991,1.2395,2.266652e-01,1.899041e-01,NO
HbT,WholeBrain,sensitivity__mse__scale2,0_to_3,0back,3back,-0.004792,0.027117,-0.015745,0.006161,-0.1767,-0.0826,-0.9011,3.761362e-01,7.265400e-01,NO
HbT,WholeBrain,sensitivity__mse__scale2,2_to_3,2back,3back,-0.009578,0.019174,-0.017323,-0.001834,-0.4996,-0.5556,-2.5472,1.739006e-02,1.196674e-02,YES
HbT,WholeBrain,sensitivity__mse__scale3,0_to_2,0back,2back,0.006184,0.022459,-0.002887,0.015255,0.2753,0.3162,1.4040,1.726162e-01,1.650889e-01,NO
HbT,WholeBrain,sensitivity__mse__scale3,0_to_3,0back,3back,-0.004246,0.030510,-0.016569,0.008077,-0.1392,-0.0598,-0.7096,4.845184e-01,8.028007e-01,NO
HbT,WholeBrain,sensitivity__mse__scale3,2_to_3,2back,3back,-0.010430,0.021726,-0.019205,-0.001655,-0.4801,-0.5385,-2.4480,2.172978e-02,1.513213e-02,YES
HbT,WholeBrain,sensitivity__mse__scale4,0_to_2,0back,2back,0.008679,0.027799,-0.002549,0.019907,0.3122,0.3561,1.5920,1.239596e-01,1.164822e-01,NO
HbT,WholeBrain,sensitivity__mse__scale4,0_to_3,0back,3back,-0.003439,0.036603,-0.018223,0.011345,-0.0939,0.0256,-0.4790,6.360716e-01,9.204554e-01,NO
HbT,WholeBrain,sensitivity__mse__scale4,2_to_3,2back,3back,-0.012118,0.027125,-0.023074,-0.001162,-0.4467,-0.4986,-2.2779,3.154314e-02,2.535075e-02,YES
